id,domain,status,purchase_price,renewal_price,attractiveness,demand,length,registrar,created_at,expires_at,status_verified_at
86ccc14a-1951-4e3d-b8ee-b405233e6ec0,arthropoda.hospital,available,57.99,57.99,high,low,10,namesilo,,,20/09/2026 10:41
d1b1c98f-afa4-4ec6-a15b-060779d4f0c6,redesign.hospital,available,47.3,47.3,high,low,8,dynadot,,,30/09/2026 19:12
7081ac2d-f284-4e84-b003-4cf22f2f3817,ornery.hospital,available,55.98,71.98,medium,low,6,namecheap,,,13/08/2026 08:28
5c328a94-4ae3-4340-8966-149744a28c02,buxom.hospital,available,55.98,71.98,medium,low,5,namecheap,,,10/08/2026 20:28
fa92c480-c07c-4455-a2f9-67072197d058,consumed.hospital,available,45.74,45.74,medium,low,8,spaceship,,,28/09/2026 22:51
bfaf1f69-2d8b-4ab4-a2be-1f1546fd3273,withhold.hospital,available,44.2,44.2,high,low,8,cloudflare,,,30/09/2026 19:13
aa0201b3-53f2-4167-8cec-b577ae7483f9,phineas.hospital,available,57.99,57.99,high,low,7,namesilo,,,30/09/2026 05:12
4dc037dc-ff3c-4a13-8ca3-86b468086744,obtain.hospital,available,55.98,71.98,high,low,6,namecheap,,,30/09/2026 21:13
20ef104a-389c-4924-9b4f-5a449f8bd420,rising.hospital,available,55.98,71.98,high,low,6,namecheap,,,
56ac4174-9f94-4b0b-82a4-5bd20a2a6518,interbrain.hospital,available,55.98,71.98,medium,low,10,namecheap,,,23/09/2026 11:55
8af46b9e-7343-4357-b69a-c32bb078128f,whim.hospital,available,55.98,71.98,high,low,4,namecheap,,,24/09/2026 12:39
1b191e37-dd7e-460f-b945-9313165061da,apian.hospital,available,55.98,71.98,medium,low,5,namecheap,,,05/08/2026 23:47
ac739b46-8fa5-46dd-855c-874311da2af2,vertically.hospital,available,55.98,71.98,medium,low,10,namecheap,,,16/09/2026 10:53
5fae6ec2-0932-4d79-8fa9-e370b7054190,brownian.hospital,available,45.74,45.74,medium,low,8,spaceship,,,01/10/2026 23:12
f54cee24-814f-4fca-910b-4619789cb8c3,rav.hospital,available,45.74,45.74,high,low,3,spaceship,,,30/09/2026 04:18
6c1a4578-d790-46bd-b918-ed380cf103b7,anaerobe.hospital,available,57.99,57.99,medium,low,8,namesilo,,,19/09/2026 01:18
0864c74d-7ee7-4d9d-87e5-1feec85d2197,dixon.hospital,available,55.98,71.98,medium,low,5,namecheap,,,25/09/2026 17:44
ed1add6b-a81b-4c7a-9dd9-2256ea7810d0,formless.hospital,available,55.98,71.98,medium,low,8,namecheap,,,
bc18fa0a-b7f7-43f6-a332-cb84b9c019d6,refunds.hospital,available,57.99,57.99,medium,low,7,namesilo,,,20/09/2026 14:13
b05c898c-e747-48d6-8496-d61c0cfc9f2d,valved.hospital,available,55.98,71.98,medium,low,6,namecheap,,,13/09/2026 01:03
36d02c28-f57e-4877-af6d-491556cabf22,gallaudet.hospital,available,57.99,57.99,medium,low,9,namesilo,,,02/10/2026 15:23
5b89fccf-a6f2-4fa2-bedb-234306bd3266,statesman.hospital,available,45.74,45.74,high,low,9,spaceship,,,30/09/2026 18:08
94b824b4-a6c0-4e90-a478-2b21286eb078,sergey.hospital,available,57.99,57.99,medium,low,6,namesilo,,,29/09/2026 04:18
318772ef-1cb9-4307-88f4-80ca2e09dfc2,performers.hospital,available,57.99,57.99,medium,low,10,namesilo,,,30/09/2026 00:18
5c5a6a2b-b60e-4bdf-9362-e7c14f01985d,beasts.hospital,available,45.74,45.74,low,low,6,spaceship,,,28/09/2026 23:05
226e5b21-7690-4886-b6c8-2c7ccf394c27,baic.hospital,available,55.98,71.98,medium,low,4,namecheap,,,21/09/2026 18:51
e0ea35a8-ccc2-4533-b2bf-781b059b0f89,plantar.hospital,available,55.98,71.98,medium,low,7,namecheap,,,08/09/2026 20:50
63d92a16-314e-47b1-92ad-48759a382088,oranges.hospital,available,44.2,44.2,medium,low,7,cloudflare,,,29/09/2026 23:38
ea628b23-b772-40fd-bb0f-691d45ae4aa0,impose.hospital,available,44.2,44.2,high,low,6,cloudflare,,,28/09/2026 10:13
3443ed7c-b0f6-43c3-86ee-3e19c2785d6d,bearing.hospital,available,55.98,71.98,high,low,7,namecheap,,,22/09/2026 18:34
0e42e449-d677-431b-8966-4f01db86783b,bsa.hospital,available,45.74,45.74,high,low,3,spaceship,,,29/09/2026 02:49
e3dc35f7-1763-4a92-b025-51b448776bf7,attempt.hospital,available,55.98,71.98,high,low,7,namecheap,,,28/09/2026 23:03
45c89465-4748-4970-9dbf-916015590ef1,realization.hospital,available,45.83,45.83,high,low,11,porkbun,,,29/09/2026 22:49
c87ed4d0-e630-4efb-9784-deb5645ba55f,symbol.hospital,available,45.74,45.74,high,low,6,spaceship,,,02/10/2026 11:58
e7e31d24-4ba2-4b7b-b8c2-7066265cc067,simpson.hospital,available,45.74,45.74,high,low,7,spaceship,,,29/09/2026 17:02
0dfb8da0-a048-47f6-8db2-576a84c718e3,wiggler.hospital,available,57.99,57.99,medium,low,7,namesilo,,,19/09/2026 06:38
5e3c6a0c-e6b8-427d-9516-1a3abef47617,sleeved.hospital,available,55.98,71.98,medium,low,7,namecheap,,,10/09/2026 10:43
db5922ca-7cbd-4102-9640-efd23ea0b9f8,amish.hospital,available,55.98,71.98,high,low,5,namecheap,,,18/09/2026 21:52
f6922513-d57b-4d72-9463-38510fed6a2f,fasten.hospital,available,47.3,47.3,high,low,6,dynadot,,,30/09/2026 19:48
f38214b8-81aa-4348-904a-b4ec0c4fb603,gaseous.hospital,available,55.98,71.98,medium,low,7,namecheap,,,18/08/2026 20:25
1bf8ea9b-22a6-48d7-bc8c-79f13c859f1d,oncoming.hospital,available,55.98,71.98,medium,low,8,namecheap,,,04/09/2026 14:27
bdd6ac5d-fe83-43df-a0e8-2b72d27c2b7e,infiltration.hospital,available,45.74,45.74,medium,low,12,spaceship,,,30/09/2026 23:19
0b3e59a3-0a21-439d-a811-08b40fe202f8,much.hospital,available,57.99,57.99,high,low,4,namesilo,,,25/09/2026 22:03
84452d4a-3ae9-4cd5-8027-87ac37dbeaed,legendary.hospital,available,55.98,71.98,high,low,9,namecheap,,,17/08/2026 20:13
d3a4b759-efa8-41f4-91dd-40d36db89a09,cheekbone.hospital,available,55.98,71.98,high,low,9,namecheap,,,13/09/2026 15:41
5cbb0839-f782-4d0c-9538-134a43497137,till.hospital,available,44.2,44.2,high,low,4,cloudflare,,,28/09/2026 05:18
b5b89392-42a6-4392-90dc-393490dd6e1c,binger.hospital,available,55.98,71.98,medium,low,6,namecheap,,,23/09/2026 17:33
e0159707-398d-40c9-a7c0-288c6a486327,westmorland.hospital,available,45.74,45.74,medium,low,11,spaceship,,,02/10/2026 19:19
2922a13c-403b-4364-9ddd-19c550f8d85f,apologist.hospital,available,57.99,57.99,medium,low,9,namesilo,,,19/09/2026 18:45
0e560ba3-c0cc-4591-b422-162ac383e29c,chocolates.hospital,available,44.2,44.2,high,low,10,cloudflare,,,01/10/2026 16:49
896400f2-802e-4eb3-843f-7b068f3ce3f4,losers.hospital,available,44.2,44.2,medium,low,6,cloudflare,,,28/09/2026 04:59
0dd79164-d627-4af3-967c-2ee07c624d4a,arrhenius.hospital,available,57.99,57.99,high,low,9,namesilo,,,20/09/2026 09:11
661a216c-22bf-4b62-967c-674b5ec40a09,inspections.hospital,available,57.99,57.99,high,low,11,namesilo,,,02/10/2026 14:01
dbb471cc-3963-46d7-b00e-a31c33e13ba3,delegation.hospital,available,55.98,71.98,high,low,10,namecheap,,,24/09/2026 21:32
b54f50bc-f93d-4ac2-aab2-025fcca9ed9d,precambrian.hospital,available,44.2,44.2,medium,low,11,cloudflare,,,29/09/2026 04:02
cf4572ab-5e74-41b1-929b-5dd76820dcb7,closet.hospital,available,57.99,57.99,high,low,6,namesilo,,,24/09/2026 15:59
14930352-6b36-413c-8212-503b8f1789ab,eastmost.hospital,available,55.98,71.98,medium,low,8,namecheap,,,14/08/2026 22:57
512c736a-4590-45a3-ab4f-335a9cd6aee3,rashes.hospital,available,55.98,71.98,low,low,6,namecheap,,,19/09/2026 21:50
32af65f7-cb0d-4cf9-967b-a2211871cd88,enlargement.hospital,available,45.74,45.74,high,low,11,spaceship,,,30/09/2026 22:28
aee77f00-0f10-4107-a15c-88ad05d63fc7,reckoning.hospital,available,57.99,57.99,high,low,9,namesilo,,,30/09/2026 16:48
2409ae4a-9d99-4183-a834-1df8f6edf0a2,travel.hospital,premium,520,520,high,medium,6,namecheap,,,24/09/2026 22:30
4e867317-3c1b-4143-b999-482f54fcebe5,becomingly.hospital,available,55.98,71.98,medium,low,10,namecheap,,,13/09/2026 23:45
90dff533-ebc8-4b66-b992-2bfc7b4f0a80,biltong.hospital,available,57.99,57.99,medium,low,7,namesilo,,,23/09/2026 16:53
6b5759df-647e-465e-b00c-7adcede937d7,map.hospital,available,45.74,45.74,high,medium,3,spaceship,,,29/09/2026 20:12
83cc312c-e595-4ac2-98e9-6eccbed74d11,ovarian.hospital,available,55.98,71.98,medium,low,7,namecheap,,,04/09/2026 19:55
6c6ce128-1602-48c0-9eaa-35dc83ea4b4b,magnesium.hospital,available,55.98,71.98,high,low,9,namecheap,,,20/09/2026 22:22
84991b94-df28-4435-b6b5-5c89e0b2f6a9,clasp.hospital,available,57.99,57.99,high,low,5,namesilo,,,30/09/2026 08:50
403a4e06-a2d6-4095-8e28-3276cfb0ad3b,parent.hospital,available,44.2,44.2,high,low,6,cloudflare,,,30/09/2026 06:26
32786526-3622-411e-b3c8-1a3425ff5ae1,cast.hospital,available,55.98,71.98,high,low,4,namecheap,,,27/09/2026 20:35
b9caff5f-c226-4a2d-9085-2a5e4688eb5a,lang.hospital,available,57.99,57.99,high,low,4,namesilo,,,01/10/2026 04:56
eab1f533-7e47-4e6f-bf35-b20c77f7960a,dont.hospital,available,55.98,71.98,low,low,4,namecheap,,,17/09/2026 00:37
a7d0c0ce-6baa-44d7-b11b-4e54f6f65e69,allspice.hospital,available,57.99,57.99,high,low,8,namesilo,,,18/09/2026 12:10
cc791747-ae6f-4b87-bbb7-8426e567c817,male.hospital,available,57.99,57.99,high,low,4,namesilo,,,25/09/2026 16:34
1473bfde-7fa9-40ef-bb63-c30854dd2ce1,hercules.hospital,available,45.74,45.74,high,low,8,spaceship,,,28/09/2026 20:10
102c9215-7aae-4d10-a6ec-b80f628be505,rein.hospital,available,45.74,45.74,high,low,4,spaceship,,,30/09/2026 09:27
ca721552-a964-43d9-bd29-dbbf53a550d7,nuisance.hospital,available,55.98,71.98,medium,low,8,namecheap,,,29/09/2026 19:51
13cf40ec-bfb6-4d34-9204-f96cfeeaf36f,influx.hospital,available,44.2,44.2,high,low,6,cloudflare,,,03/10/2026 01:16
fc4c6d9f-4aba-4f3b-994a-f17522281f4b,abuse.hospital,available,55.98,71.98,high,low,5,namecheap,,,08/09/2026 12:39
42fa9ed7-dc47-4900-a3a3-29358e68fa98,barons.hospital,available,45.74,45.74,medium,low,6,spaceship,,,30/09/2026 13:35
fac7e8b6-3523-4e56-9bd9-3cdb91d67e11,dutchman.hospital,available,57.99,57.99,high,low,8,namesilo,,,02/10/2026 04:39
6cbe38f5-d1ca-4fcb-b68d-79ee48a378b2,thousands.hospital,available,57.99,57.99,medium,low,9,namesilo,,,18/09/2026 15:22
934e9843-1003-4217-aab8-a67bc31d9471,conquests.hospital,available,44.2,44.2,medium,low,9,cloudflare,,,02/10/2026 13:36
9460810b-719f-4c26-901a-bfc068f2f6fb,bot.hospital,available,44.2,44.2,high,medium,3,cloudflare,,,30/09/2026 20:55
92b4d353-8ebb-4afd-85ad-f2775ceb3757,mermaid.hospital,available,57.99,57.99,high,low,7,namesilo,,,29/09/2026 07:36
00a7bdf8-6b96-43de-af54-d57a96fe9e2c,suppress.hospital,available,44.2,44.2,medium,low,8,cloudflare,,,29/09/2026 00:32
16c4eba0-39a6-4ec3-b4b0-541b008f32c5,drunk.hospital,available,55.98,71.98,high,low,5,namecheap,,,14/08/2026 20:17
ddf8ce84-3f35-4209-b9f9-54c1dcb46b9a,autarchic.hospital,available,55.98,71.98,medium,low,9,namecheap,,,07/08/2026 18:36
5e4a0628-3703-499c-9732-1c7ce7c44560,fairly.hospital,available,55.98,71.98,high,low,6,namecheap,,,24/09/2026 16:08
e661b284-4023-4903-997a-f313a1d6cb31,errand.hospital,available,55.98,71.98,high,low,6,namecheap,,,30/09/2026 01:33
27363bef-d488-4c90-90b2-bddcd28ca7d2,reunited.hospital,available,57.99,57.99,high,low,8,namesilo,,,30/09/2026 08:00
a44214d1-57c8-4011-8056-0352991d30ec,musty.hospital,available,55.98,71.98,medium,low,5,namecheap,,,18/08/2026 16:44
3d5e64b5-760a-437b-9c50-5182af572456,rocking.hospital,available,57.99,57.99,high,low,7,namesilo,,,28/09/2026 15:55
02332e53-668d-423d-a0ec-1217e4284dff,graphic.hospital,available,45.74,45.74,high,low,7,spaceship,,,01/10/2026 15:47
89ed70c4-79dc-49d3-beed-6593eb3d3754,castled.hospital,available,55.98,71.98,medium,low,7,namecheap,,,11/08/2026 20:28
2fe40979-738b-4d59-8f47-f5d5363423af,baptism.hospital,available,57.99,57.99,high,low,7,namesilo,,,22/09/2026 03:27
93b29bda-3682-4026-9ef1-2da74f6b3572,macintyre.hospital,available,47.3,47.3,medium,low,9,dynadot,,,01/10/2026 23:40
74cd6988-5952-4483-b020-51f34941507b,womanhood.hospital,available,45.74,45.74,high,low,9,spaceship,,,02/10/2026 15:03
6808428f-4fc7-42cc-ac47-29deeeed8c10,highbrow.hospital,available,55.98,71.98,high,low,8,namecheap,,,21/08/2026 09:09
8da052eb-d24e-488e-803c-5d894c6d4fcc,brat.hospital,available,44.2,44.2,high,low,4,cloudflare,,,30/09/2026 08:49
7bfbb4e0-c5c3-431a-8236-d748701e57d0,furness.hospital,available,45.83,45.83,medium,low,7,porkbun,,,30/09/2026 05:24
7fb2171c-6407-4f61-a419-e408380e29cb,ashtabula.hospital,available,55.98,71.98,medium,low,9,namecheap,,,02/10/2026 08:14
e56ef89f-4c2a-4b95-b53c-41ac6381f948,chiseled.hospital,available,55.98,71.98,medium,low,8,namecheap,,,12/08/2026 06:05
0c89351c-702f-403b-ad45-1efef662fd73,detoxify.hospital,available,47.3,47.3,high,low,8,dynadot,,,29/09/2026 14:25
e5bb686e-97db-4523-bf95-f19be860a868,dispersion.hospital,available,55.98,71.98,high,low,10,namecheap,,,24/09/2026 22:57
34675b25-41a7-4348-b828-0f81f9382d62,lipscomb.hospital,available,45.74,45.74,medium,low,8,spaceship,,,30/09/2026 17:55
a99ec2a7-4742-4018-a305-f5c6319816e3,indication.hospital,available,55.98,71.98,high,low,10,namecheap,,,24/09/2026 21:52
dbfca3d5-5eca-4e59-bbbd-9587ddb97912,icbm.hospital,available,45.74,45.74,medium,low,4,spaceship,,,30/09/2026 10:12
2e56958e-7c69-45b3-86a5-64c53362f599,cdrom.hospital,available,45.74,45.74,medium,low,6,spaceship,,,30/09/2026 16:37
b3f6bece-d2e0-4004-a9f0-637f2cbf326e,crooked.hospital,available,55.98,71.98,medium,low,7,namecheap,,,13/08/2026 07:51
bf718155-eeb7-41fe-8893-923239014edf,cruz.hospital,available,57.99,57.99,high,low,4,namesilo,,,25/09/2026 11:52
32189f2d-5ec4-43fe-a68b-5254e5bf3b8f,her.hospital,available,57.99,57.99,high,low,3,namesilo,,,30/09/2026 22:04
f28afe0a-bf5c-4cbc-aab9-ae704b5f241a,lcs.hospital,available,45.74,45.74,high,low,3,spaceship,,,01/10/2026 23:52
a84564dc-d6a6-4a87-aff0-69f165cc5f0d,menominee.hospital,available,57.99,57.99,high,low,9,namesilo,,,30/09/2026 10:33
0aa38b40-449f-4f03-9514-1014a080025a,chirpy.hospital,available,55.98,71.98,high,low,6,namecheap,,,12/08/2026 06:03
7dc8557f-4cb7-4edb-b3f9-333cbb0a3cd6,beard.hospital,available,55.98,71.98,high,low,5,namecheap,,,22/09/2026 21:01
f03521e3-2743-4977-8072-30032438134d,burping.hospital,available,57.99,57.99,medium,low,7,namesilo,,,23/09/2026 04:38
400d72fb-0a48-420d-a512-9f7965fdddf5,iceberg.hospital,available,57.99,57.99,high,low,7,namesilo,,,23/09/2026 09:15
ae8bc0da-8906-4608-8d26-a49b717df7ad,sentinel.hospital,available,45.74,45.74,high,medium,8,spaceship,,,02/10/2026 16:01
f1353890-1902-4080-9a0b-0c1271d7109e,ethic.hospital,available,55.98,71.98,high,low,5,namecheap,,,30/09/2026 17:13
7f77c522-faf4-4c17-9aa4-45af5667abcb,gretchen.hospital,available,44.2,44.2,high,low,8,cloudflare,,,29/09/2026 09:29
0f3bfdd3-d439-4fe6-82c8-7513e190fa9a,outspread.hospital,available,55.98,71.98,high,low,9,namecheap,,,04/09/2026 19:47
81f240b3-060f-49fb-96ea-346cae0816a6,obtrusive.hospital,available,55.98,71.98,medium,low,9,namecheap,,,04/09/2026 00:07
4e091abf-e62a-4e38-a847-9df028f236b6,exhibited.hospital,available,44.2,44.2,medium,low,9,cloudflare,,,30/09/2026 15:15
6a027f7e-f1a7-4897-8d20-af33f1eff7bb,cartoon.hospital,available,57.99,57.99,high,low,7,namesilo,,,19/09/2026 08:59
b169d6d9-2946-42ad-afd4-85b79e6f84d1,pamela.hospital,available,45.74,45.74,high,low,6,spaceship,,,02/10/2026 09:56
99897e95-7291-4d2b-a0de-1617ddc775d2,suggestion.hospital,available,55.98,71.98,high,low,10,namecheap,,,25/09/2026 07:41
1be345ef-8f3c-4300-b66c-ee3d8ce65158,threshold.hospital,available,55.98,71.98,high,low,9,namecheap,,,24/09/2026 10:33
fd49ff55-64d2-4dfe-a8fe-e85f54b86e34,deflation.hospital,available,45.74,45.74,medium,low,9,spaceship,,,29/09/2026 13:36
686239ab-7562-45c9-9926-aba192a7d47e,screecher.hospital,available,57.99,57.99,medium,low,9,namesilo,,,22/09/2026 17:04
5af88616-ff61-4fd5-887c-a0d2a3d70b9f,astrodome.hospital,available,57.99,57.99,medium,low,9,namesilo,,,20/09/2026 17:37
8943fa59-6a83-475e-b3d4-852682c2cd60,listed.hospital,available,57.99,57.99,high,low,6,namesilo,,,25/09/2026 13:56
b3da7083-2777-4605-9016-2079399ba5e8,anorexic.hospital,available,55.98,71.98,medium,low,8,namecheap,,,
c5630964-c5d9-4487-ab78-1dfd451d5fb8,texted.hospital,available,57.99,57.99,medium,low,6,namesilo,,,20/09/2026 17:16
ec4d2029-f8e0-4b43-911a-9017bc69161d,claudia.hospital,available,57.99,57.99,high,low,7,namesilo,,,25/09/2026 13:43
377aae1e-54b8-457c-9038-9a00dfc5cbbd,cesar.hospital,available,45.74,45.74,medium,low,5,spaceship,,,30/09/2026 05:33
ad7222ec-05e5-4939-a8af-7f7792418349,immutably.hospital,available,55.98,71.98,medium,low,9,namecheap,,,15/09/2026 02:06
55842dd0-74cd-4f2a-bdb7-9c6a280dbef1,whooping.hospital,available,57.99,57.99,high,low,8,namesilo,,,01/10/2026 22:49
4573fa91-223e-462d-aef1-8fe88b6e7925,toulouse.hospital,available,57.99,57.99,high,low,8,namesilo,,,27/09/2026 05:47
82562da5-f4f7-4301-a892-b927c6bff49b,thea.hospital,available,44.2,44.2,high,low,4,cloudflare,,,30/09/2026 11:10
be5cd52a-7508-41ee-b796-58ff0f728c5d,psp.hospital,available,45.74,45.74,high,low,3,spaceship,,,30/09/2026 04:37
e5c3762c-55b9-41eb-800b-bb0e6e45b5fb,gulls.hospital,available,45.74,45.74,medium,low,5,spaceship,,,02/10/2026 09:41
56d7b499-3c00-4d98-8760-c866c7156e86,peroxide.hospital,available,57.99,57.99,high,low,8,namesilo,,,01/10/2026 02:39
a98ecc64-8cf0-4b69-bfed-78a6a42a3de5,worrisome.hospital,available,55.98,71.98,medium,low,9,namecheap,,,14/08/2026 13:21
94fd837e-a29c-45cc-a41b-e70a5d42d568,breathed.hospital,available,55.98,71.98,medium,low,8,namecheap,,,11/08/2026 03:16
f5795526-f16d-4642-b382-f82dce15c66d,suspicion.hospital,available,55.98,71.98,high,low,9,namecheap,,,24/09/2026 23:14
45d3095e-0889-4153-8a31-6cb64a7a4289,accretion.hospital,available,57.99,57.99,high,low,9,namesilo,,,16/09/2026 23:14
e4ac5cc6-f5ff-4d1a-b54b-df93a0e0c8ea,paula.hospital,available,57.99,57.99,high,low,5,namesilo,,,25/09/2026 14:33
a7b46067-c0fe-45e7-ab2e-b4e783fdd95f,uncolored.hospital,available,55.98,71.98,medium,low,9,namecheap,,,12/09/2026 02:06
7108bc95-550f-4418-961f-51e227ed93dd,battleship.hospital,available,55.98,71.98,high,low,10,namecheap,,,22/09/2026 16:29
308a709c-1827-4324-adf9-a337c3c8a49e,godard.hospital,available,47.3,47.3,medium,low,6,dynadot,,,01/10/2026 19:49
f62199f7-55d6-4b91-9488-3d210c4d2d61,archer.hospital,available,57.99,57.99,high,low,6,namesilo,,,20/09/2026 01:54
5499681f-bc97-4a40-a02c-4029e27223cb,banca.hospital,available,45.74,45.74,high,low,5,spaceship,,,01/10/2026 04:38
52eb7323-18ad-40e4-acd2-e6e206bb2bf6,assistant.hospital,available,45.74,45.74,high,low,9,spaceship,,,29/09/2026 09:56
e3394c53-b4e7-4bce-9ab2-0c56b5385c6a,furthest.hospital,available,57.99,57.99,medium,low,8,namesilo,,,24/09/2026 17:07
895bddd4-9f0a-4e79-bbcf-66f24ef3e827,appetency.hospital,available,55.98,71.98,medium,low,9,namecheap,,,19/09/2026 20:43
17ab17ee-0c10-4925-83e7-7f2f16f391ff,spielberg.hospital,available,45.74,45.74,high,low,9,spaceship,,,29/09/2026 13:59
b910bb2f-4ee7-46c9-ab09-3627169d884b,sociologist.hospital,available,45.83,45.83,high,low,11,porkbun,,,03/10/2026 03:08
eaa868a7-90c9-498c-a176-b2b0e0025f99,ingredients.hospital,available,57.99,57.99,medium,low,11,namesilo,,,
8947ebba-769c-4e39-bb8d-94b834c3aeac,dug.hospital,available,47.3,47.3,high,low,3,dynadot,,,28/09/2026 05:32
adb4a8b6-0b9d-4681-947f-1dc47881c978,ljubljana.hospital,available,57.99,57.99,medium,low,9,namesilo,,,29/09/2026 01:36
e46ff656-08c8-4680-81c6-4329da9a284b,analogical.hospital,available,55.98,71.98,medium,low,10,namecheap,,,
5f8b313b-2468-4efd-b3b9-174660ecfa60,likely.hospital,available,57.99,57.99,high,low,6,namesilo,,,25/09/2026 13:46
082cb181-96e0-4917-b119-9a562b7da8d7,newbie.hospital,available,55.98,71.98,high,low,6,namecheap,,,24/09/2026 19:51
29ef97a0-a1cc-4e89-bcba-f0a937e04c75,cayman.hospital,available,57.99,57.99,high,low,6,namesilo,,,02/10/2026 04:14
9b9dc891-e334-4acb-83fe-a7ea286dc7cf,uveous.hospital,available,55.98,71.98,medium,low,6,namecheap,,,13/09/2026 00:24
4366abf9-1864-4c60-89f9-9098630996d7,cvs.hospital,available,57.99,57.99,high,low,3,namesilo,,,01/10/2026 23:45
f355488c-d622-498d-8a7f-dd7fcc61a01a,fiona.hospital,available,45.74,45.74,high,low,5,spaceship,,,28/09/2026 03:47
dbac92bc-0281-4e0d-856b-2bb74564e056,animist.hospital,available,55.98,71.98,medium,low,7,namecheap,,,
d317de6e-5178-4864-adf8-ceed3d79b925,woods.hospital,available,45.74,45.74,high,low,5,spaceship,,,29/09/2026 19:51
f455afca-776e-46c2-bb46-e6fac9ac4e2a,illogical.hospital,available,55.98,71.98,medium,low,9,namecheap,,,14/08/2026 11:22
61227d74-d9f4-4435-8140-c946cfce1335,lincolnshire.hospital,available,57.99,57.99,medium,low,12,namesilo,,,28/09/2026 11:48
e11192c7-dea5-4735-92a2-7b4fe6f5b738,opposition.hospital,available,55.98,71.98,high,low,10,namecheap,,,04/09/2026 16:40
db8d3584-101f-476b-8e8b-578d4bc66d42,oklahoman.hospital,available,77.99,83.99,medium,low,9,name.com,,,16/09/2026 05:05
9834ee25-d438-4b4f-adec-312e937a1680,maidenly.hospital,available,55.98,71.98,medium,low,8,namecheap,,,24/08/2026 13:14
7af9c321-4102-4879-9681-39a3fa51d65d,slay.hospital,available,55.98,71.98,medium,low,4,namecheap,,,04/09/2026 00:55
2495c7be-941f-4a69-a133-cf604628a531,cob.hospital,available,57.99,57.99,high,low,3,namesilo,,,23/09/2026 23:42
cabf9e54-4204-4175-8133-ce5995c5d78a,colman.hospital,available,44.2,44.2,medium,low,6,cloudflare,,,29/09/2026 04:11
aa483577-9606-4b62-abc6-84badd72e35a,supervised.hospital,available,55.98,71.98,high,low,10,namecheap,,,11/09/2026 02:26
6c9380f0-3369-4029-bce3-89fcaeff18ea,symonds.hospital,available,45.74,45.74,high,low,7,spaceship,,,30/09/2026 10:18
d3c0ce45-d885-42ac-9091-712c7fef3334,peritoneal.hospital,available,55.98,71.98,medium,low,10,namecheap,,,08/09/2026 17:25
0ee513b4-df42-4965-b993-2d4132abcdeb,eventful.hospital,available,55.98,71.98,high,low,8,namecheap,,,12/08/2026 22:36
4612b7bb-ac7b-42f4-b14a-5a14ce6d2954,signify.hospital,available,55.98,71.98,high,low,7,namecheap,,,30/09/2026 19:13
fdb16736-96ec-4557-bbe1-7c6c9700ecbc,wrexham.hospital,available,57.99,57.99,medium,low,7,namesilo,,,02/10/2026 08:27
a6a057e1-ef4c-4c4d-96c8-2e56f9979edc,leucine.hospital,available,47.3,47.3,high,low,7,dynadot,,,01/10/2026 20:19
f06eef3d-5342-4615-9674-c13678026c4f,mining.hospital,available,44.2,44.2,high,low,6,cloudflare,,,30/09/2026 04:33
598084c1-fa07-4aa1-89df-130769812550,pierre.hospital,available,57.99,57.99,high,low,6,namesilo,,,24/09/2026 12:24
5840ab62-f343-47bb-a4d9-063fab14c2bc,payments.hospital,available,57.99,57.99,high,low,8,namesilo,,,18/09/2026 16:44
5fd3ebd6-01c6-40c4-9c88-e5edb3dcee8c,pen.hospital,available,57.99,57.99,high,low,3,namesilo,,,27/09/2026 03:22
f1869df3-bff5-4d25-8ff7-f17719ba3d22,curious.hospital,available,57.99,57.99,high,low,7,namesilo,,,24/09/2026 03:57
e0d26db5-a74e-4038-a2f4-bbe1ab91883b,room.hospital,available,57.99,57.99,high,low,4,namesilo,,,01/10/2026 16:16
f7913441-a5f5-4d51-bc3d-75e0de3aba10,rhomboidal.hospital,available,55.98,71.98,medium,low,10,namecheap,,,09/09/2026 16:49
186ed9e3-a0fa-4d3e-bb61-840a6302e484,ordinance.hospital,available,55.98,71.98,high,low,9,namecheap,,,09/09/2026 13:13
e1527ea0-31f7-4dd2-b603-c835823c3086,clips.hospital,available,57.99,57.99,medium,low,5,namesilo,,,28/09/2026 23:13
5a3ee68b-fd17-4f5f-8474-0bf9c56ec065,ravishing.hospital,available,55.98,71.98,high,low,9,namecheap,,,09/09/2026 10:42
1f04d71d-7961-4d19-88a3-646584170086,provides.hospital,available,55.98,71.98,medium,low,8,namecheap,,,16/09/2026 11:52
3ce4c249-a4ee-451e-8e6a-7a3ed961071c,segovia.hospital,available,57.99,57.99,medium,low,7,namesilo,,,19/09/2026 04:41
6d1bbf48-e327-4862-a507-e757b451a1e9,tessa.hospital,available,44.2,44.2,high,low,5,cloudflare,,,30/09/2026 04:17
17220b07-9200-4ed9-878d-362c2ea0a82d,roseville.hospital,available,57.99,57.99,high,low,9,namesilo,,,02/10/2026 01:09
71328869-712f-40e2-a2b2-1c30fff9a658,irritable.hospital,available,57.99,57.99,medium,low,9,namesilo,,,25/09/2026 11:30
36284186-a48a-46a1-a3fd-443b5dc09577,deposit.hospital,available,45.74,45.74,high,low,7,spaceship,,,28/09/2026 20:39
fd4b532d-14d0-4b36-ae76-411c7e1d5246,heber.hospital,available,45.74,45.74,high,low,5,spaceship,,,30/09/2026 22:07
288782df-4ace-414f-b769-1bb3a79fedfa,hives.hospital,available,44.2,44.2,high,low,5,cloudflare,,,01/10/2026 02:36
85f1b9e2-1687-4f53-92b9-ecab77f1f8eb,moravian.hospital,available,55.98,71.98,high,low,8,namecheap,,,25/08/2026 06:14
38b0c467-792b-486f-b7ea-d79d37891051,skinner.hospital,available,57.99,57.99,high,low,7,namesilo,,,21/09/2026 11:52
f2261b0d-e164-4abb-9216-db67843d64f4,azonal.hospital,available,55.98,71.98,medium,low,6,namecheap,,,08/08/2026 02:27
830bf8d1-56a6-4c88-b8a0-b144dc86f327,abacus.hospital,available,77.99,83.99,high,low,6,name.com,,,16/09/2026 13:45
eae06d64-2b97-4190-be74-94234a588ba7,lords.hospital,available,55.98,71.98,medium,low,5,namecheap,,,28/09/2026 16:19
234c7d6e-c981-42d8-940e-0083013d289d,detective.hospital,available,44.2,44.2,high,low,9,cloudflare,,,29/09/2026 14:16
8ee22345-eddf-4d5b-b4b5-061dc752a147,disparate.hospital,available,55.98,71.98,medium,low,9,namecheap,,,14/08/2026 11:52
f72a86c9-65f1-4e89-b9f8-075fc71df7d1,azygous.hospital,available,55.98,71.98,medium,low,7,namecheap,,,08/08/2026 03:27
df10f40d-4547-4a6a-82f4-3616b26290ba,adi.hospital,available,45.83,45.83,high,low,3,porkbun,,,28/09/2026 16:16
6acd920b-f28c-4321-8b23-c3cb772577d3,tantalum.hospital,available,57.99,57.99,medium,low,8,namesilo,,,20/09/2026 23:42
392b7948-511f-4cf0-b009-1f3cb08ea513,mechanisms.hospital,available,44.2,44.2,medium,low,10,cloudflare,,,01/10/2026 16:08
0d42d275-0294-4cc6-8674-aa7256ccfd7f,clamor.hospital,available,55.98,71.98,medium,low,6,namecheap,,,10/08/2026 13:15
c1183498-4563-4470-bc71-9603c85cf5fd,vaux.hospital,available,44.2,44.2,high,low,4,cloudflare,,,01/10/2026 01:15
1e162bfa-39bb-44a5-a800-0571653767ac,ascendance.hospital,available,55.98,71.98,high,low,10,namecheap,,,20/09/2026 13:03
011c9bb0-d15d-4706-8670-d0b3c4cdcd21,sunburn.hospital,available,55.98,71.98,high,low,7,namecheap,,,11/09/2026 07:53
5b65f83b-8bdc-4a37-8ed9-0c1c0ae65df6,zoning.hospital,available,45.74,45.74,high,low,6,spaceship,,,01/10/2026 04:08
9c46670b-34cd-48b1-b19d-4f5a838e598c,suppertime.hospital,available,55.98,71.98,high,low,10,namecheap,,,24/09/2026 22:23
9ca52955-9432-436a-bbfb-a91d3a024e53,mercuric.hospital,available,55.98,71.98,medium,low,8,namecheap,,,24/08/2026 20:40
bafa5c9d-61b4-446c-9621-d04a47df6a7d,dotted.hospital,available,77.99,83.99,medium,low,6,name.com,,,13/08/2026 18:28
6c86fcc8-e975-4736-be80-5e40fc573ca0,doubled.hospital,available,55.98,71.98,high,low,7,namecheap,,,14/08/2026 16:55
cdfdb5b5-cfc2-4652-abf0-8fc38d337312,scorched.hospital,available,55.98,71.98,medium,low,8,namecheap,,,
ad290984-0abe-4940-a958-d771b9c573b4,recreational.hospital,available,57.99,57.99,high,low,12,namesilo,,,29/09/2026 10:15
20a70fc2-0313-4bd2-ac29-5ce7e3e417c7,auckland.hospital,available,57.99,57.99,high,low,8,namesilo,,,21/09/2026 02:39
40f0f2e6-650f-42a8-bf89-4714d573f9c4,zhang.hospital,available,57.99,57.99,high,low,5,namesilo,,,25/09/2026 15:58
25f19ab4-bd90-4671-8487-56e8822edaff,technological.hospital,available,57.99,57.99,high,low,13,namesilo,,,02/10/2026 10:35
fc4a5dec-9e56-40bd-9e68-700914d54b14,temperance.hospital,available,45.74,45.74,high,low,10,spaceship,,,30/09/2026 18:54
bfeaccb5-4497-42c4-bd7f-7a6bc6d73fa1,hunters.hospital,available,57.99,57.99,medium,low,7,namesilo,,,28/09/2026 08:39
10b6028b-04ec-4214-a180-4902af4e2e8a,settled.hospital,available,55.98,71.98,high,low,7,namecheap,,,12/08/2026 17:27
673d0842-6ed7-4385-a229-e8b9c0fe1814,paniculate.hospital,available,55.98,71.98,medium,low,10,namecheap,,,05/09/2026 01:01
5d32c710-d7ca-4c07-a80d-52c48a757fec,zach.hospital,available,47.3,47.3,high,medium,4,dynadot,,,28/09/2026 04:11
fe50dc95-5b42-4665-9222-62f946adb502,tenths.hospital,available,57.99,57.99,medium,low,6,namesilo,,,20/09/2026 23:51
5462dc67-870f-432e-831e-9b368b5f5218,durant.hospital,available,45.74,45.74,medium,low,6,spaceship,,,03/10/2026 00:31
127dcb87-ae6b-4a13-adc3-29c5cae15e9c,studied.hospital,available,55.98,71.98,high,low,7,namecheap,,,10/09/2026 22:59
a135a777-b551-4a51-8d1b-8ca66837e85c,wed.hospital,available,55.98,71.98,high,low,3,namecheap,,,13/09/2026 09:28
9754a599-c462-4a06-bea2-2bf7abb38840,youths.hospital,available,57.99,57.99,medium,low,6,namesilo,,,01/10/2026 00:09
497fae8e-b520-4472-83df-b18fe692d52d,lad.hospital,available,57.99,57.99,high,low,3,namesilo,,,28/09/2026 00:53
c19f653b-eb62-4253-92c7-61114eaeff7c,periodic.hospital,available,55.98,71.98,medium,low,8,namecheap,,,08/09/2026 17:11
6c789fbb-8918-4fa6-8dc4-c519897c57f7,colourful.hospital,available,55.98,71.98,high,low,9,namecheap,,,12/08/2026 17:51
112c349b-67e8-4cdf-9793-b4efcba33b65,completed.hospital,available,57.99,57.99,high,low,9,namesilo,,,23/09/2026 17:22
cc3a93c1-409f-4cda-a4e7-03c2e99f861f,addressing.hospital,available,47.3,47.3,high,low,10,dynadot,,,29/09/2026 10:51
0d6bdffb-c8be-4594-a9a0-7c05b581f1ab,weedy.hospital,available,55.98,71.98,medium,low,5,namecheap,,,09/09/2026 23:44
1ddcf392-877b-4dbb-8a0a-b69230dea3fe,coat.hospital,available,45.74,45.74,high,low,4,spaceship,,,29/09/2026 05:46
4f5a1ed6-ee23-43aa-b369-a5f87af076d2,italians.hospital,available,45.74,45.74,medium,low,8,spaceship,,,02/10/2026 12:43
17594739-6693-4da9-bf5c-213d10db398b,isn.hospital,available,109.99,109.99,high,low,3,godaddy,,,30/09/2026 02:01
a4da4863-58ac-4d5a-a743-d778bcc1aa5d,arabic.hospital,available,57.99,57.99,high,low,6,namesilo,,,22/09/2026 07:33
fe4a31a8-bed6-45fb-84e5-c646bc007aef,spends.hospital,available,57.99,57.99,medium,low,6,namesilo,,,28/09/2026 08:36
14911fb9-6070-4949-9dad-db0c9524f607,oversee.hospital,available,45.74,45.74,high,low,7,spaceship,,,30/09/2026 21:16
f8d0190d-eecc-4422-9301-d853810eb458,polemical.hospital,available,55.98,71.98,medium,low,9,namecheap,,,08/09/2026 22:53
1afe231b-fd65-49bd-99e6-c4e3e3d88471,abrupt.hospital,available,55.98,71.98,high,low,6,namecheap,,,
12f28b92-d56b-46f9-9da3-b0f5bbc240a4,reminded.hospital,available,57.99,57.99,medium,low,8,namesilo,,,18/09/2026 03:00
325ff74d-de57-4d15-ab76-e8fb2637559e,joyless.hospital,available,55.98,71.98,medium,low,7,namecheap,,,22/08/2026 14:04
ef0c2a39-9d55-4557-a87c-60bbcb0358f5,costly.hospital,available,55.98,71.98,high,low,6,namecheap,,,24/09/2026 00:19
404add66-9f60-4443-8d4b-03f745bde6ed,stemless.hospital,available,55.98,71.98,medium,low,8,namecheap,,,
25905273-231f-4a7a-9a78-7f5979c5e755,blame.hospital,available,55.98,71.98,high,low,5,namecheap,,,10/08/2026 12:37
fbca8019-7b72-4101-8899-97e1ac0f602d,minimize.hospital,available,45.74,45.74,high,low,8,spaceship,,,29/09/2026 20:40
c9cb4ae0-7082-45b7-a887-88b17a4dd5cf,desires.hospital,available,57.99,57.99,high,low,7,namesilo,,,17/09/2026 08:40
51ab6922-9092-4a82-8318-572db53293a3,winifred.hospital,available,57.99,57.99,medium,low,8,namesilo,,,28/09/2026 21:52
accb8cfb-f3f6-49c3-aa7c-b762fcf50c5e,abettal.hospital,available,55.98,71.98,medium,low,7,namecheap,,,16/09/2026 15:18
102854b0-86a0-443d-8618-eae4ae642f8d,ends.hospital,available,57.99,57.99,high,low,4,namesilo,,,25/09/2026 13:13
75e713f5-6a56-4450-84c4-0993f732f217,adoringly.hospital,available,55.98,71.98,medium,low,9,namecheap,,,13/09/2026 17:23
15fac5e9-df94-484e-a7c3-46df29c8a085,scapegrace.hospital,available,77.99,83.99,medium,low,10,name.com,,,24/09/2026 01:41
a121ef00-f3d7-4618-9eda-b052c7c855cc,ohl.hospital,available,57.99,57.99,medium,low,3,namesilo,,,01/10/2026 12:36
1a721544-542d-4fe1-be7c-7f21da42ea12,embarked.hospital,available,45.74,45.74,medium,low,8,spaceship,,,02/10/2026 02:37
240502c6-733c-4d5b-b1a2-3e68c8b1fdae,charities.hospital,available,45.74,45.74,medium,low,9,spaceship,,,30/09/2026 06:10
ae48b75f-ba93-4da4-9eb0-28c612ecb559,tartar.hospital,available,44.2,44.2,high,low,6,cloudflare,,,02/10/2026 14:47
d534e872-23e2-4712-bb0f-f1e4d09bb9e0,birdseed.hospital,available,55.98,71.98,high,low,8,namecheap,,,23/09/2026 19:50
730b5b61-ea08-43ab-b636-3cfb2aefe8f6,brazen.hospital,available,55.98,71.98,high,low,6,namecheap,,,11/08/2026 02:54
114b407c-b5ad-4fe4-842d-a7147af56b96,equipt.hospital,available,55.98,71.98,high,low,6,namecheap,,,17/08/2026 11:53
f1212894-5e52-4b93-8d4e-ea079db53fa0,slugs.hospital,available,55.98,71.98,medium,low,5,namecheap,,,20/09/2026 08:54
6ba0dc94-2cfe-4b61-9835-1f26efb8e90a,arquebus.hospital,available,57.99,57.99,medium,low,8,namesilo,,,20/09/2026 08:40
146cee9a-345c-464c-a3b7-592faab2012b,peninsula.hospital,available,45.74,45.74,high,low,9,spaceship,,,30/09/2026 06:35
61f24cca-ea87-4fa3-892a-18e5e6d5ea78,marion.hospital,available,57.99,57.99,high,low,6,namesilo,,,25/09/2026 14:37
a4278ed5-7ac0-4d7f-8372-b223c8c920cc,anther.hospital,available,57.99,57.99,medium,low,6,namesilo,,,19/09/2026 13:08
ba07bd76-d788-4173-a2dc-633888abcc62,lecherous.hospital,available,55.98,71.98,medium,low,9,namecheap,,,22/08/2026 22:17
ee6d68b5-9cb6-47d9-8935-a5f97542f7e3,kissinger.hospital,available,57.99,57.99,medium,low,9,namesilo,,,28/09/2026 10:01
afdb0e49-6f44-494b-8fc2-6d4fcc157b22,acquaintance.hospital,available,57.99,57.99,high,low,12,namesilo,,,28/09/2026 08:20
aa41542f-f703-44b4-ad2b-e0cc83090ec0,sunburnt.hospital,available,55.98,71.98,medium,low,8,namecheap,,,11/09/2026 01:48
3c66ffbd-d387-4cd4-8d34-ae743f5c7da3,whimsical.hospital,available,55.98,71.98,high,low,9,namecheap,,,13/09/2026 11:24
dae3d09d-a32a-4d16-bb62-0ebca4b4c510,damnably.hospital,available,77.99,83.99,low,low,8,name.com,,,13/08/2026 16:35
52b68b6d-5390-417d-9eee-03b4a58a39fc,surveillance.hospital,available,57.99,57.99,high,low,12,namesilo,,,27/09/2026 08:40
e8b975f2-69c8-48c5-a77e-5abc9eac2d5e,toffee.hospital,available,55.98,71.98,high,low,6,namecheap,,,11/08/2026 04:53
1b2cb1ac-e6d5-4e9e-b942-cb3038b5dda1,vendor.hospital,available,44.2,44.2,high,low,6,cloudflare,,,02/10/2026 05:34
2fe3692c-38d1-459b-bd9a-2dbebdc739ff,obscurely.hospital,available,55.98,71.98,medium,low,9,namecheap,,,15/09/2026 17:13
4fce28c1-8c2d-409e-afa3-76f76f39e6aa,slippy.hospital,available,55.98,71.98,medium,low,6,namecheap,,,10/09/2026 11:03
500eb684-38bd-4cc4-ae1a-f925c6327ce7,scheme.hospital,available,57.99,57.99,high,low,6,namesilo,,,30/09/2026 10:40
ef0bf065-f935-42f1-8d6e-b2ac1f225681,companions.hospital,available,45.74,45.74,medium,low,10,spaceship,,,29/09/2026 05:19
bd28fd68-8857-4dac-85f0-0ced364c7510,barrette.hospital,available,57.99,57.99,medium,low,8,namesilo,,,22/09/2026 08:28
dbf30570-181a-4678-a57c-2377e2ee2cd6,polypropylene.hospital,available,44.2,44.2,medium,low,13,cloudflare,,,30/09/2026 23:16
c6d8e3aa-2e24-455e-ae78-6c26a0687884,okhotsk.hospital,available,57.99,57.99,medium,low,7,namesilo,,,03/10/2026 04:30
e6988081-a05b-4939-baad-ac65b8513d57,sneezewort.hospital,available,57.99,57.99,medium,low,10,namesilo,,,17/09/2026 00:38
c20fff1b-b4bb-4886-9ef7-5023c1c6e759,skirt.hospital,available,45.74,45.74,high,low,5,spaceship,,,29/09/2026 03:43
69ace82b-e7f5-402a-922f-7a295a57ddde,hanoverian.hospital,available,55.98,71.98,medium,low,10,namecheap,,,20/08/2026 23:44
1b52cf0d-9634-4936-b33e-fff6c004def0,sink.hospital,available,45.74,45.74,high,low,4,spaceship,,,29/09/2026 07:50
29f6ea1f-8e60-4342-b72b-4fb8c55457b2,hopefully.hospital,available,44.2,44.2,high,low,9,cloudflare,,,28/09/2026 15:15
e3f35d38-9f19-46aa-ba59-b9d927f82d89,muhammed.hospital,available,57.99,57.99,medium,low,8,namesilo,,,02/10/2026 09:49
e22d52be-63e2-450e-80d3-ede88dab2cc5,limestone.hospital,available,55.98,71.98,high,low,9,namecheap,,,30/09/2026 02:56
b00c7d79-cc8a-4712-b8a0-aa7bbf599935,truckee.hospital,available,45.74,45.74,medium,low,7,spaceship,,,02/10/2026 20:55
0d9f2b62-bf2c-416b-9d3d-179c066fb111,loony.hospital,available,55.98,71.98,medium,low,5,namecheap,,,06/08/2026 21:17
892e4ce0-2eab-4ad8-b009-6f13859fda07,hardest.hospital,available,44.2,44.2,low,low,7,cloudflare,,,28/09/2026 12:52
469314cb-bad7-4cdb-9ef2-cac1af3d01f1,maxine.hospital,available,47.3,47.3,medium,low,6,dynadot,,,28/09/2026 22:02
e08d1835-2e25-43b2-8a4e-72e453b15a3f,venushair.hospital,available,57.99,57.99,medium,low,9,namesilo,,,17/09/2026 08:07
a35ec599-8181-4456-ae0e-1eeff05884d5,uncharted.hospital,available,55.98,71.98,medium,low,9,namecheap,,,12/08/2026 02:53
85d34fc8-2fb6-48a8-83a8-51646f138be7,enkindled.hospital,available,55.98,71.98,medium,low,9,namecheap,,,17/08/2026 09:31
b7c12e50-c114-46e4-94a1-4de3a84295f9,fund.hospital,available,45.74,45.74,high,low,4,spaceship,,,28/09/2026 08:44
14b01707-7dad-4667-8cee-1b3e85e56033,bacteria.hospital,available,57.99,57.99,high,low,8,namesilo,,,21/09/2026 16:28
cb5706c6-8e8b-4f20-9dfc-d56de0145157,communities.hospital,available,57.99,57.99,high,low,11,namesilo,,,17/09/2026 18:41
fd47aaf3-5b94-46cb-b67a-a8146c3e2027,izzy.hospital,available,45.74,45.74,medium,low,4,spaceship,,,02/10/2026 12:11
cb435ac8-7da9-4d78-ba67-788d89781955,alp.hospital,available,57.99,57.99,high,low,3,namesilo,,,18/09/2026 13:29
897781eb-981d-4d1c-a212-cb79989c2aab,statement.hospital,available,47.3,47.3,high,low,9,dynadot,,,01/10/2026 03:18
ac99e96f-c571-4c98-8064-59cfbb049abc,orienting.hospital,available,55.98,71.98,high,low,9,namecheap,,,04/09/2026 17:56
08ece3e7-20c9-428d-a0b7-ed72e979f3a3,homework.hospital,available,57.99,57.99,high,low,8,namesilo,,,28/09/2026 06:00
7692dce2-3f27-45aa-9c44-ef0c57fcc3a9,avril.hospital,available,57.99,57.99,medium,low,5,namesilo,,,02/10/2026 22:03
e94f3f82-b9df-49bf-b4d5-5e189bc51b98,breadfruit.hospital,available,57.99,57.99,high,low,10,namesilo,,,20/09/2026 11:57
b8315b6c-9058-431e-bff1-ec1be342d334,sinuous.hospital,available,55.98,71.98,medium,low,7,namecheap,,,10/09/2026 08:38
1d26b70d-1c13-4aa7-b663-1f8a3ad3eaba,slang.hospital,available,55.98,71.98,high,low,5,namecheap,,,12/08/2026 15:12
d2da22e3-83b8-4891-819a-4c4630e1c915,correctional.hospital,available,57.99,57.99,medium,low,12,namesilo,,,29/09/2026 14:55
e58702d8-271c-47f2-acd9-0db1215ba435,poisson.hospital,available,45.74,45.74,medium,low,7,spaceship,,,28/09/2026 11:23
c8b754b9-8806-4b43-b648-54822bd3fd2a,ours.hospital,available,55.98,71.98,high,low,4,namecheap,,,28/09/2026 04:28
55aabf0c-6aae-4316-b3c5-32977dc48104,ecstatic.hospital,available,55.98,71.98,high,low,8,namecheap,,,14/08/2026 23:44
bfe63f60-4f04-4914-8df5-e12cc8dc57da,modulated.hospital,available,55.98,71.98,medium,low,9,namecheap,,,25/08/2026 03:19
a9e1a4ae-b660-47d2-a158-92a97d7c5c4c,aristocracy.hospital,available,57.99,57.99,high,low,11,namesilo,,,30/09/2026 14:25
12f25a23-9f39-4d6c-b542-34a272ebf0f0,vapourish.hospital,available,55.98,71.98,medium,low,9,namecheap,,,13/09/2026 01:13
2a33aa9f-251e-47b9-af14-bc41acd5c355,downwind.hospital,available,55.98,71.98,medium,low,8,namecheap,,,14/08/2026 18:03
d29e53d0-2780-4dc6-b58c-da9753f6d300,implicit.hospital,available,55.98,71.98,high,low,8,namecheap,,,21/08/2026 22:37
25b368d0-d936-413b-966c-bd766cfc25b0,fleetwood.hospital,available,47.3,47.3,medium,low,9,dynadot,,,28/09/2026 16:46
815ae9c5-4b64-4122-8a5b-fb9f5b1fa24f,himself.hospital,available,57.99,57.99,medium,low,7,namesilo,,,01/10/2026 11:26
dd0ff467-8c75-4693-87a7-737821b1c6a7,written.hospital,available,44.2,44.2,high,low,7,cloudflare,,,27/09/2026 18:44
dd92bc2f-0eda-4666-a046-c07add4eca38,salas.hospital,available,57.99,57.99,medium,low,5,namesilo,,,30/09/2026 21:51
533330fd-3a08-46c0-8ab9-52ba87f28a3e,entrances.hospital,available,45.74,45.74,medium,low,9,spaceship,,,30/09/2026 07:42
0afceec0-72a1-4f8d-bafd-8c7c9d382966,roundel.hospital,available,55.98,71.98,medium,low,7,namecheap,,,19/09/2026 11:05
c94ed8fe-ffdd-4b25-ae6b-8047c07aef91,pungent.hospital,available,55.98,71.98,medium,low,7,namecheap,,,
628dd3ac-fd00-403c-b6ef-dc8f2cd4e54c,indecorous.hospital,available,55.98,71.98,medium,low,10,namecheap,,,22/08/2026 02:18
9b4190cc-a972-476a-9be0-82a95b482f2f,nitro.hospital,available,45.74,45.74,high,low,5,spaceship,,,02/10/2026 10:03
c972d110-fdbd-4fb5-ba1d-6426e52e1671,irb.hospital,available,44.2,44.2,high,low,3,cloudflare,,,29/09/2026 03:06
05debc3c-2b95-4ce4-bb30-36df065b32ce,luke.hospital,available,57.99,57.99,high,low,4,namesilo,,,25/09/2026 06:37
4d6d7d97-1480-418b-b790-44a5046f0009,angiology.hospital,available,57.99,57.99,high,low,9,namesilo,,,19/09/2026 06:13
97d6b561-0413-416a-a72e-13c3407a6167,lice.hospital,available,45.83,45.83,medium,low,4,porkbun,,,29/09/2026 23:05
6b2c62f1-5653-49f3-9e9b-5981617b4b75,imposition.hospital,available,45.74,45.74,medium,low,10,spaceship,,,02/10/2026 05:23
1a4ff7cc-805d-4930-bc62-5479785f8267,painkiller.hospital,available,55.98,71.98,high,low,10,namecheap,,,
e214f857-d12f-4efc-bd90-7016761dfa39,sociedad.hospital,available,45.74,45.74,medium,low,8,spaceship,,,29/09/2026 10:09
16916ee8-140f-45f3-b5da-71ca1d6118ae,musing.hospital,available,55.98,71.98,high,low,6,namecheap,,,11/08/2026 05:58
fa164258-0537-4f10-bbfd-75ce709358a3,dealings.hospital,available,55.98,71.98,high,low,8,namecheap,,,29/09/2026 18:35
854967df-8aba-41e6-8ace-20f7b45c5c18,ammunition.hospital,available,57.99,57.99,high,low,10,namesilo,,,18/09/2026 22:05
cdf61059-c17b-45ea-8289-605f9d6232ae,epidural.hospital,available,55.98,71.98,high,low,8,namecheap,,,17/08/2026 10:52
0cd3e488-6a46-422c-ba96-3aec5c74e68f,hug.hospital,available,45.74,45.74,high,low,3,spaceship,,,29/09/2026 23:17
0312cb54-cb6f-4b80-8ab1-7c356b3385dc,briefed.hospital,available,45.74,45.74,high,low,7,spaceship,,,02/10/2026 13:19
e571c865-53d7-4c9d-9d33-46c158984cce,tarragon.hospital,available,57.99,57.99,high,low,8,namesilo,,,20/09/2026 10:17
194371d5-1443-4ae7-899d-2beacc32adef,intimal.hospital,available,55.98,71.98,medium,low,7,namecheap,,,22/08/2026 08:28
db5226f4-5d55-472c-9743-95e94732067e,vow.hospital,available,57.99,57.99,high,low,3,namesilo,,,28/09/2026 11:05
ca4fc413-b43f-46cb-9656-6dae99ab0472,graven.hospital,available,55.98,71.98,medium,low,6,namecheap,,,17/08/2026 07:43
e4e7ae28-8faf-4115-92da-62e39ab81850,atrip.hospital,available,55.98,71.98,low,low,5,namecheap,,,07/08/2026 14:33
f2b302b9-9a93-4339-b686-7a3947b146a5,exons.hospital,available,45.74,45.74,medium,low,5,spaceship,,,02/10/2026 13:35
3b2d4f54-dc58-4f6c-a276-1e8c72de1f2c,bellhop.hospital,available,57.99,57.99,high,low,7,namesilo,,,23/09/2026 06:01
7bebc76d-73d9-45f3-bd2f-c66e52a30db6,heinous.hospital,available,55.98,71.98,medium,low,7,namecheap,,,18/08/2026 06:18
648950d7-9f63-4a36-acda-982a2f2b98e9,homosexuals.hospital,available,45.74,45.74,low,low,11,spaceship,,,01/10/2026 00:33
e1e8f540-bd61-4a3e-b19a-2d3cb52b2bf3,maitland.hospital,available,47.3,47.3,medium,low,8,dynadot,,,28/09/2026 01:57
028fb40b-415f-4785-a9b2-5203b7dfe94b,valuator.hospital,available,57.99,57.99,medium,low,8,namesilo,,,19/09/2026 22:13
6c06e077-2d32-4152-9833-7c9f98fdb624,martinsville.hospital,available,45.74,45.74,medium,low,12,spaceship,,,30/09/2026 05:38
2559a7b2-8516-48c9-86d4-e50e10c0e0cb,lollipop.hospital,available,57.99,57.99,high,low,8,namesilo,,,18/09/2026 08:50
4abf8858-0f8d-4f29-9155-da9b21aad09a,acheta.hospital,available,55.98,71.98,medium,low,6,namecheap,,,17/09/2026 00:33
feee4edf-a931-4b0a-ae29-e0d73c680767,preventing.hospital,available,45.74,45.74,medium,low,10,spaceship,,,30/09/2026 06:24
87df1bb0-ed72-4655-96b0-138fa4321a2e,unbiased.hospital,available,55.98,71.98,high,low,8,namecheap,,,12/09/2026 01:52
0d42f56e-b359-4193-b78e-a3bd680ee671,canton.hospital,available,57.99,57.99,high,low,6,namesilo,,,23/09/2026 16:10
c68b64e4-7665-43f8-a22c-57cc1fd6875b,ramirez.hospital,available,57.99,57.99,medium,low,7,namesilo,,,28/09/2026 08:04
17726949-2972-4ab7-8028-7ee228f41e0a,aconitum.hospital,available,57.99,57.99,medium,low,8,namesilo,,,17/09/2026 02:06
5b0bc7bc-e905-4ce7-a244-940cd0760a8b,presented.hospital,available,55.98,71.98,medium,low,9,namecheap,,,28/09/2026 08:35
5426a889-7b75-43b1-b0fc-89711319c9df,handbill.hospital,available,55.98,71.98,medium,low,8,namecheap,,,11/08/2026 05:06
cabf8aca-8bfb-4d7e-83bd-733f4333281f,waterfall.hospital,available,44.2,44.2,high,low,9,cloudflare,,,28/09/2026 20:46
837938b3-c62b-42c1-8002-f549924e23b4,panel.hospital,available,57.99,57.99,high,low,5,namesilo,,,19/09/2026 11:40
75465125-30a2-4422-947e-43003382bc68,carl.hospital,available,57.99,57.99,high,medium,4,namesilo,,,25/09/2026 11:30
c6abdff1-4ee1-44bb-bbc3-5e6e04c61fd1,poster.hospital,available,57.99,57.99,high,low,6,namesilo,,,29/09/2026 02:42
15dd8f7c-fe37-4e11-894f-05baa6ce3fc4,zooming.hospital,available,45.74,45.74,high,low,7,spaceship,,,01/10/2026 17:57
3c72b306-ec2c-4de8-8696-a7030c5d6e48,messed.hospital,available,57.99,57.99,medium,low,6,namesilo,,,17/09/2026 16:53
ac4acf61-5c76-4928-8fbc-41eb3d8ccba2,knocking.hospital,available,77.99,83.99,high,low,8,name.com,,,25/09/2026 08:51
455cf6cd-1d93-4196-9cbc-838f4dba5b47,begum.hospital,available,57.99,57.99,medium,low,5,namesilo,,,23/09/2026 03:01
937941d2-facd-4ce5-8a35-ace4ab44966f,brac.hospital,available,45.74,45.74,medium,low,4,spaceship,,,01/10/2026 23:52
e0962f78-cea9-4485-8918-95bc2424fc71,weld.hospital,available,45.74,45.74,high,low,4,spaceship,,,02/10/2026 04:40
e2b61214-f4f9-4864-b9d4-b740f6e8ff26,guadalajara.hospital,available,55.98,71.98,medium,low,11,namecheap,,,28/09/2026 07:53
6e44373b-6e6a-4b44-b109-b15cf89e484b,territories.hospital,available,44.2,44.2,medium,low,11,cloudflare,,,30/09/2026 05:50
3d0eaa0c-1c2d-4d8a-bb0b-884e3f1187e4,drake.hospital,available,57.99,57.99,high,low,5,namesilo,,,29/09/2026 18:43
4e311a9c-dff1-4996-b9de-cf07c1752b0d,quotidian.hospital,available,55.98,71.98,medium,low,9,namecheap,,,17/08/2026 14:57
4ae397d8-9571-4a3f-9760-df9dbff54e8c,nighted.hospital,available,55.98,71.98,low,low,7,namecheap,,,09/08/2026 14:33
e0e5bf73-3999-4653-b2f5-d777afd9bc09,stanton.hospital,available,57.99,57.99,high,low,7,namesilo,,,25/09/2026 05:30
de677f26-7fea-4639-86ce-7072eacc872a,swansea.hospital,available,44.2,44.2,medium,low,7,cloudflare,,,28/09/2026 10:58
8c5d8ede-1b0b-41fb-bf8e-db72f4eae07e,vitalizer.hospital,available,57.99,57.99,medium,low,9,namesilo,,,19/09/2026 09:10
0d7546e1-8a71-4a15-9dbb-04309bf146ab,exclamation.hospital,available,71.98,,high,low,11,namecheap,,,
3dd4a574-00ec-431d-b8d1-408fba6ffa01,davids.hospital,available,55.98,71.98,high,low,6,namecheap,,,01/10/2026 15:28
e5673738-2c1b-46d4-ab06-e4ee8a61979b,misgiving.hospital,available,57.99,57.99,medium,low,9,namesilo,,,24/09/2026 23:11
35153c0f-f7dd-404a-b0ad-23843fbce86d,heating.hospital,available,55.98,71.98,high,low,7,namecheap,,,13/09/2026 08:24
bcea5181-2bd3-43f9-9050-0e0afb0daf7e,theirs.hospital,available,71.98,,medium,low,6,namecheap,,,
0ab997f9-1627-4a94-bf46-c5386c4befb1,tapering.hospital,available,55.98,71.98,medium,low,8,namecheap,,,14/08/2026 21:50
fdad08f3-6ca2-450e-b95a-2d433b6e2d0e,seeks.hospital,available,57.99,57.99,medium,low,5,namesilo,,,28/09/2026 23:37
96327f59-2e21-474b-870d-a07dc404c3f6,celebrating.hospital,available,57.99,57.99,high,low,11,namesilo,,,27/09/2026 06:50
82e0b401-0f41-4dca-aa8d-4a5c107a2a1f,experimentation.hospital,available,44.2,44.2,high,low,15,cloudflare,,,02/10/2026 23:39
1e446e41-3107-4977-88ed-5418e2d93bd3,salving.hospital,available,55.98,71.98,medium,low,7,namecheap,,,14/08/2026 01:40
19afc150-a890-4b1e-871b-250b0e2ca451,pixilated.hospital,available,55.98,71.98,low,low,9,namecheap,,,09/08/2026 15:41
3abe3989-bc81-4bb3-99b7-662839463828,arduous.hospital,available,55.98,71.98,medium,low,7,namecheap,,,06/08/2026 16:40
7841514a-b0f7-4564-b0c9-4cfbe4c50fca,essays.hospital,available,44.2,44.2,medium,low,6,cloudflare,,,30/09/2026 06:39
2cef8db5-70d4-4ef5-ae3f-96998563bb70,anita.hospital,available,57.99,57.99,high,low,5,namesilo,,,25/09/2026 15:32
97548f6c-1abd-4f05-9321-74b2fae07485,miniature.hospital,available,55.98,71.98,high,low,9,namecheap,,,24/08/2026 23:48
4f717c09-daeb-420a-bf4e-ab0172e3175e,decca.hospital,available,57.99,57.99,medium,low,5,namesilo,,,28/09/2026 21:44
5d65a721-52c4-4795-9124-7ae4632e8cfc,preaching.hospital,available,47.3,47.3,high,low,9,dynadot,,,28/09/2026 15:06
bc0a1622-5d99-4be5-8988-6dec72a94eb8,lambent.hospital,available,55.98,71.98,medium,low,7,namecheap,,,
40504626-b69a-48f3-8743-b82292b74363,opinion.hospital,available,45.83,45.83,high,low,7,porkbun,,,27/09/2026 16:53
42a72468-265d-4e8a-8fc4-0e3251395dc5,rending.hospital,available,55.98,71.98,medium,low,7,namecheap,,,09/09/2026 13:57
9b00bc3f-7da1-42f9-9f91-b075fa87a2ef,inviting.hospital,available,57.99,57.99,high,low,8,namesilo,,,25/09/2026 11:14
3f164ce0-a5b8-42b0-a4be-14890d568df1,kitchens.hospital,available,55.98,71.98,medium,low,8,namecheap,,,02/10/2026 03:24
4b8a4941-fa78-4a94-b0a5-4de4cd2a43c7,bja.hospital,available,57.99,57.99,medium,low,3,namesilo,,,23/09/2026 23:24
2216eb92-c8cf-4369-82cd-d14dc777cea8,obligations.hospital,available,45.83,45.83,low,low,11,porkbun,,,29/09/2026 05:17
977d4765-48cd-4891-a683-3f0605e92022,telecom.hospital,available,45.74,45.74,high,low,7,spaceship,,,30/09/2026 13:03
5f84775c-3dcb-4bf1-a7dd-cb68c919fe66,parish.hospital,available,45.83,45.83,medium,low,6,porkbun,,,28/09/2026 20:07
eed13ac4-c960-4d60-b2ed-79beebffe4bf,canoe.hospital,available,45.83,45.83,high,low,5,porkbun,,,29/09/2026 06:41
588cb44f-c4fe-411a-ba3f-8c42f4be11b9,developed.hospital,available,55.98,71.98,high,low,9,namecheap,,,24/09/2026 07:51
40ed5282-d6a6-477e-87f9-2d8b6542abd3,burleigh.hospital,available,44.2,44.2,medium,low,8,cloudflare,,,30/09/2026 13:50
8d6335d2-9e2b-4120-8a1b-1deed258665f,ojibwe.hospital,available,45.74,45.74,medium,low,6,spaceship,,,02/10/2026 08:24
cc262632-aba3-4d70-b3ef-2a8ba1a8e932,pestered.hospital,available,55.98,71.98,medium,low,8,namecheap,,,21/08/2026 00:13
03538704-da79-4d3d-b768-eb392e468a7e,inflict.hospital,available,57.99,57.99,high,low,7,namesilo,,,30/09/2026 03:14
3e040681-f03d-4b2a-87f7-c50b1d57d43f,loads.hospital,available,45.74,45.74,high,low,5,spaceship,,,28/09/2026 15:05
fa698cec-2e61-4e01-ae89-92041bfea6cf,legacy.hospital,available,57.99,57.99,high,medium,6,namesilo,,,23/09/2026 09:05
a978e8e4-172e-48fc-a072-22dcb9e25a27,liars.hospital,available,45.74,45.74,medium,low,5,spaceship,,,01/10/2026 17:54
9082c0af-a31e-4a00-8c1e-c5a90183e523,mckim.hospital,available,55.98,71.98,medium,low,5,namecheap,,,01/10/2026 18:57
cf88e3b6-ada6-4bcd-aab2-23d1b682ac02,filling.hospital,available,55.98,71.98,high,low,7,namecheap,,,25/09/2026 22:48
c41f263a-80b4-4c04-a28d-dd0ca385fe0f,boney.hospital,available,55.98,71.98,medium,low,5,namecheap,,,10/08/2026 18:44
05f8db9d-dbeb-428b-85fe-887313ff2d06,tripod.hospital,available,45.74,45.74,high,low,6,spaceship,,,30/09/2026 19:02
6a51812c-2908-44d9-872a-debb98f7500c,subliminal.hospital,available,55.98,71.98,high,low,10,namecheap,,,11/09/2026 00:08
4994800c-1ddb-4890-8cac-4766384d9d58,imogen.hospital,available,47.3,47.3,high,low,6,dynadot,,,02/10/2026 00:11
8204e44e-3f3e-4f13-8d89-2c20ee4db239,directional.hospital,available,47.3,47.3,high,low,11,dynadot,,,30/09/2026 11:53
4cca2fa1-b969-4f96-a8d8-05444fb27cdd,lineup.hospital,available,57.99,57.99,medium,low,6,namesilo,,,29/09/2026 23:05
47c0d035-b09b-4f9b-8a95-652edc7eedef,astral.hospital,available,55.98,71.98,high,low,6,namecheap,,,07/08/2026 09:57
3e798575-d1ce-4914-878c-c1064c3c1f73,sniffing.hospital,available,45.74,45.74,medium,low,8,spaceship,,,30/09/2026 20:12
d1877135-60a4-44a8-b030-908a0252abbb,slut.hospital,available,57.99,57.99,high,low,4,namesilo,,,17/09/2026 10:21
361b0d82-d7c6-4eaf-8a62-531989b560a3,physicians.hospital,available,45.74,45.74,high,low,10,spaceship,,,30/09/2026 00:16
ad3bd8b2-e1d5-42dc-a0fb-a7a9e000b8f3,engineer.hospital,available,57.99,57.99,high,low,8,namesilo,,,02/10/2026 00:13
fbace679-7197-4309-a7a4-35efb051665e,functor.hospital,available,45.74,45.74,high,low,7,spaceship,,,02/10/2026 18:10
d2b59e8d-a7e9-4bee-ad3e-02fa83ab2d3d,patrol.hospital,available,57.99,57.99,high,low,6,namesilo,,,25/09/2026 23:57
9b41dbdc-b93e-4da1-a9a3-e1ce660e8fae,unauthorized.hospital,available,57.99,57.99,medium,low,12,namesilo,,,28/09/2026 22:49
07f63e5c-0530-49f7-8498-28787fe12896,cultured.hospital,available,55.98,71.98,high,low,8,namecheap,,,08/09/2026 09:18
cdaf51de-3713-450a-96e6-26d200f2f2b2,subtract.hospital,available,45.74,45.74,high,low,8,spaceship,,,03/10/2026 02:29
6f6153dc-8ed7-4209-bfe9-4a2c8b8f0b1a,handsome.hospital,available,55.98,71.98,high,low,8,namecheap,,,09/08/2026 18:09
687bb2d4-6bf6-4611-b3b4-21b09cac67a5,nucleate.hospital,available,55.98,71.98,medium,low,8,namecheap,,,03/09/2026 22:24
f32b410a-2ad3-40e0-924f-c7f4c6c586ee,concord.hospital,available,57.99,57.99,high,low,7,namesilo,,,16/09/2026 22:58
31755f96-b74f-43c1-bdf5-76bc78fad532,vented.hospital,available,55.98,71.98,medium,low,6,namecheap,,,13/09/2026 02:12
eaa0a115-e47c-4335-be91-f3345d3d36cf,unwell.hospital,available,55.98,71.98,high,low,6,namecheap,,,
1aa157ee-26ed-468b-ab91-f7b421ae5f37,blinding.hospital,available,55.98,71.98,medium,low,8,namecheap,,,10/08/2026 13:42
099796cb-b553-4a0f-ac2e-e2b3368dd2d6,elkins.hospital,available,45.74,45.74,medium,low,6,spaceship,,,29/09/2026 15:44
8701768e-ea6c-479f-99a4-30fce088509f,tierce.hospital,available,55.98,71.98,medium,low,6,namecheap,,,
8085d49d-7d01-4951-806e-c693507550a5,indonesians.hospital,available,47.3,47.3,medium,low,11,dynadot,,,02/10/2026 02:56
c81f68c6-512a-4e92-8f61-76e598e71585,batting.hospital,available,57.99,57.99,high,low,7,namesilo,,,22/09/2026 14:25
83fa7885-6ffd-4cf3-b805-a03d774d4891,genic.hospital,available,55.98,71.98,high,low,5,namecheap,,,18/08/2026 21:35
3ea7c9cc-9c16-422d-adc1-5fa4834d0e54,unpassable.hospital,available,55.98,71.98,medium,low,10,namecheap,,,21/08/2026 21:49
599125b3-95b1-43a2-8e40-9563787514e1,undertaker.hospital,available,45.74,45.74,high,low,10,spaceship,,,30/09/2026 09:51
1ef0e249-75b0-4372-b306-46f0926f1c60,wintry.hospital,available,55.98,71.98,medium,low,6,namecheap,,,18/08/2026 16:31
ffe80676-27eb-49ca-8898-8c744043b1fb,sheridan.hospital,available,57.99,57.99,high,low,8,namesilo,,,25/09/2026 10:21
d10674d4-965f-4812-bcfe-75e4bd22a4d6,back.hospital,available,57.99,57.99,high,low,4,namesilo,,,22/09/2026 15:40
45eff67a-f091-4343-b20c-b2478e44ade6,isosceles.hospital,available,55.98,71.98,medium,low,9,namecheap,,,22/08/2026 11:16
747cbcb9-6c5b-4906-8a65-2036e907c8c1,shareholder.hospital,available,47.3,47.3,high,low,11,dynadot,,,30/09/2026 03:52
d94bd824-dd25-464f-87da-e8fb3e795a99,wilde.hospital,available,57.99,57.99,high,low,5,namesilo,,,25/09/2026 09:39
b54d00a4-529d-4a1e-b506-2cba6b416008,iloilo.hospital,available,57.99,57.99,medium,low,6,namesilo,,,01/10/2026 12:16
af18ea1a-a6b8-45eb-8312-5e08e4c0af8f,livy.hospital,available,57.99,57.99,medium,low,4,namesilo,,,29/09/2026 13:19
e203cc58-68c6-45b4-9bc1-5f58b27fcf67,que.hospital,available,45.83,45.83,medium,low,3,porkbun,,,28/09/2026 07:40
40efeaa2-88fe-458f-8531-790eed5d20be,parcels.hospital,available,47.3,47.3,medium,low,7,dynadot,,,01/10/2026 18:14
ca2e31d5-efdb-4b3e-a1c8-911c850f8272,communicate.hospital,available,45.83,45.83,high,low,11,porkbun,,,01/10/2026 02:22
4e0c349a-5324-4820-9c4c-8a9f70ef7d41,yorke.hospital,available,45.74,45.74,medium,low,5,spaceship,,,29/09/2026 16:43
4fbaafe8-339f-42b5-81e9-aace67d11cab,sevastopol.hospital,available,45.74,45.74,medium,low,10,spaceship,,,30/09/2026 18:36
bc8e2d82-e19f-440f-8bb2-d5e234953457,audubon.hospital,available,55.98,71.98,medium,low,7,namecheap,,,21/09/2026 03:14
eb82d978-4eb0-4803-aac7-9e1077b71e08,gangling.hospital,available,55.98,71.98,medium,low,8,namecheap,,,18/08/2026 20:08
c1ff2a3e-c9fa-430c-8677-223278a45012,dorsal.hospital,available,55.98,71.98,high,low,6,namecheap,,,
c16c132f-918f-495b-a6b3-1417fbc389e6,landings.hospital,available,57.99,57.99,medium,low,8,namesilo,,,30/09/2026 00:42
964636bc-da07-4899-8cca-877d916e5cab,egoist.hospital,available,55.98,71.98,medium,low,6,namecheap,,,15/08/2026 19:43
19fac2cb-668e-4914-aebf-0b382931f4b4,mandel.hospital,available,55.98,71.98,medium,low,6,namecheap,,,29/09/2026 16:32
cf8c1003-37a6-4e8c-b073-3e0bbfa51dfe,hans.hospital,available,57.99,57.99,high,low,4,namesilo,,,01/10/2026 11:24
e21e70cd-4438-4f07-8715-d4ca276546c9,neutron.hospital,available,47.3,47.3,high,low,7,dynadot,,,29/09/2026 07:41
77320f6f-6deb-4db8-8587-51b127b59509,behemoth.hospital,available,57.99,57.99,high,low,8,namesilo,,,23/09/2026 03:24
37dd9b62-ca38-4ea2-9b68-3ba12a00f667,canteen.hospital,available,57.99,57.99,high,low,7,namesilo,,,24/09/2026 12:09
26e71f5c-4669-4989-8ca5-d558f6372646,rises.hospital,available,45.83,45.83,low,low,5,porkbun,,,28/09/2026 13:01
16d569d5-6793-4cc5-a595-af5fa1638bc0,trivial.hospital,available,55.98,71.98,high,low,7,namecheap,,,24/09/2026 17:54
717fb477-4611-45b0-9623-48213795a14b,ventral.hospital,available,55.98,71.98,high,low,7,namecheap,,,
cc160fd0-f98e-4da4-b9ee-5064de9f59fc,arena.hospital,available,45.74,45.74,high,medium,5,spaceship,,,28/09/2026 22:03
9aca138e-1699-4bc9-9770-ffd065d7a8e9,assassination.hospital,available,44.2,44.2,medium,low,13,cloudflare,,,28/09/2026 11:16
5e0ea9ea-b547-46ae-9a39-36d0995f0f99,unthought.hospital,available,55.98,71.98,medium,low,9,namecheap,,,12/09/2026 12:35
f64ccd7a-5824-4d21-9387-6950c3078f58,synovial.hospital,available,55.98,71.98,medium,low,8,namecheap,,,11/09/2026 06:37
2e4f4d7d-b778-4d7b-bf0e-2ed09de27b46,bowers.hospital,available,45.83,45.83,medium,low,6,porkbun,,,30/09/2026 21:44
3d23823c-0a3f-4d50-9442-debf359dcda6,sidney.hospital,available,55.98,71.98,high,low,6,namecheap,,,27/09/2026 05:44
40ac074f-0081-4ca3-9722-fd82db9339da,mold.hospital,available,57.99,57.99,high,low,4,namesilo,,,24/09/2026 15:22
4eca9614-4e1c-4794-a725-56a139bdda47,genovese.hospital,available,55.98,71.98,high,low,8,namecheap,,,18/08/2026 21:49
1d88c415-ccf4-4dbd-92ec-7a1f36cdebd6,mindfulness.hospital,available,57.99,57.99,high,low,11,namesilo,,,29/09/2026 10:40
40638cd5-3e17-460d-96a1-e54f0e9b16c0,superiors.hospital,available,57.99,57.99,medium,low,9,namesilo,,,29/09/2026 05:50
6bb8baf7-c96f-4f6c-8d0b-5995ae4bf9b5,mediatory.hospital,available,55.98,71.98,medium,low,9,namecheap,,,24/08/2026 18:55
79f95b1b-6d52-4150-b242-1f684a71ab73,sedgwick.hospital,available,45.74,45.74,medium,low,8,spaceship,,,28/09/2026 16:41
8dd5098b-2571-4532-a40e-77566682c631,golden.hospital,available,55.98,71.98,high,low,6,namecheap,,,18/08/2026 23:35
a442f46c-6b5f-4801-813a-0f5f61ba278c,bentonite.hospital,available,57.99,57.99,high,low,9,namesilo,,,23/09/2026 08:46
51837be2-bac1-49fb-a8f5-efd46c5f45f0,resistive.hospital,available,55.98,71.98,medium,low,9,namecheap,,,09/09/2026 15:23
94059b5d-5820-45c0-898a-d0f14fb4daa7,adroit.hospital,available,55.98,71.98,high,low,6,namecheap,,,21/09/2026 19:49
99972a85-b7f8-4d06-8588-67ef2989a0de,potency.hospital,available,55.98,71.98,high,medium,7,namecheap,,,09/09/2026 00:49
0466b20d-b94c-4fe4-b5ca-3f23919b4d71,mendoza.hospital,available,57.99,57.99,medium,low,7,namesilo,,,27/09/2026 07:53
d74535cc-730f-4dc3-b13c-8a49425e4789,awards.hospital,available,57.99,57.99,medium,low,6,namesilo,,,28/09/2026 08:41
ea18f334-2874-4e21-8e8d-6d37e428641e,byrd.hospital,available,55.98,71.98,high,low,4,namecheap,,,17/09/2026 08:47
7fd4c348-4a92-4f92-a4ce-ed5479f7d7ba,bombing.hospital,available,45.74,45.74,medium,low,7,spaceship,,,27/09/2026 11:45
f542d9dc-fba7-4797-9f73-3139c82895df,microgravity.hospital,available,45.74,45.74,high,low,12,spaceship,,,02/10/2026 21:22
718d415d-ebf2-4ef9-9afa-9fe1ae051227,graz.hospital,available,57.99,57.99,medium,low,4,namesilo,,,29/09/2026 01:07
ea5b2624-7bbe-489b-862d-0b90f5efaeb7,superpower.hospital,available,44.2,44.2,high,low,10,cloudflare,,,03/10/2026 01:02
b6bc709a-75ff-4fe9-a188-c3f5204ad2ac,tropics.hospital,available,55.98,71.98,high,low,7,namecheap,,,30/09/2026 11:12
0c804cca-1cad-45ff-9e99-69b903d392f8,manchuria.hospital,available,57.99,57.99,medium,low,9,namesilo,,,03/10/2026 01:33
fc45c97b-779b-4b1e-ad27-92d513cbe13e,faustus.hospital,available,57.99,57.99,high,low,7,namesilo,,,02/10/2026 15:09
a24f3395-d3c2-4c85-9af6-a7c75910ac50,allusive.hospital,available,55.98,71.98,medium,low,8,namecheap,,,
acd97270-7a38-463e-a6e4-e43800d39aca,cattle.hospital,available,57.99,57.99,high,low,6,namesilo,,,25/09/2026 01:59
e2542f25-eae4-4826-aded-99681a0bdfdc,thunder.hospital,available,44.2,44.2,high,low,7,cloudflare,,,27/09/2026 15:41
563fea32-6ed8-45f1-bafb-d2b45bde716f,neutralize.hospital,available,57.99,57.99,high,low,10,namesilo,,,01/10/2026 04:11
877596b5-4eca-4d3c-9244-a800bb0ee74e,immersive.hospital,available,47.3,47.3,high,low,9,dynadot,,,03/10/2026 03:47
25ad1e5d-35c7-4ca6-8166-caa41596e94e,wiser.hospital,available,45.74,45.74,high,low,5,spaceship,,,29/09/2026 23:16
55a78c5f-fda6-420a-83bd-adcdbd6f8cd2,tag.hospital,available,55.98,71.98,high,medium,3,namecheap,,,24/09/2026 13:51
3038cf64-ca71-4ec1-80e8-85ed9fcd4445,waits.hospital,available,57.99,57.99,medium,low,5,namesilo,,,28/09/2026 11:43
1c7adf6d-af12-4a8e-bb00-577a265fc7c0,equilibrium.hospital,available,55.98,71.98,high,low,11,namecheap,,,29/09/2026 23:01
35b7c8a3-c166-4fa4-a22f-2b0f28a812aa,involve.hospital,available,45.74,45.74,high,low,7,spaceship,,,30/09/2026 05:28
eac4bca1-fe33-4395-9de0-5395e3c37114,caviar.hospital,available,45.74,45.74,high,low,6,spaceship,,,01/10/2026 18:55
f868d0a1-f345-49d6-af67-848089758ffd,griffiths.hospital,available,57.99,57.99,medium,low,9,namesilo,,,26/09/2026 03:40
12057284-ff57-4ac9-9511-ee0a6c006774,diary.hospital,available,55.98,71.98,high,low,5,namecheap,,,24/09/2026 22:13
76812456-562e-4dc6-80e5-60a05b8c5730,pillows.hospital,available,57.99,57.99,medium,low,7,namesilo,,,01/10/2026 16:32
5d953ea4-dba8-499b-9d0c-26653d05cef5,hispanic.hospital,available,55.98,71.98,high,low,8,namecheap,,,21/08/2026 09:44
0d7e074e-23c3-41ab-ac9c-1dcd6875f84c,filmable.hospital,available,55.98,71.98,medium,low,8,namecheap,,,18/08/2026 04:23
bf04d36e-5c6c-4d8d-bf84-e202910dadd1,fracture.hospital,available,57.99,57.99,high,low,8,namesilo,,,28/09/2026 01:53
c9e216bf-5333-4f48-997d-819a7fedc1f9,nellie.hospital,available,57.99,57.99,high,low,6,namesilo,,,27/09/2026 18:29
16c6ae96-da1d-4159-a3b3-eb5497d1b2c9,downhill.hospital,available,55.98,71.98,medium,low,8,namecheap,,,13/08/2026 21:49
d0a2179c-9566-464d-927a-b31b2b72d616,vigilance.hospital,available,57.99,57.99,high,low,9,namesilo,,,18/09/2026 05:28
7e3beb65-7a1e-40ae-b329-a96441958b2b,nsc.hospital,available,45.74,45.74,high,low,3,spaceship,,,29/09/2026 07:39
e8761c68-a4df-491b-bda9-551d0d39507d,legislation.hospital,available,47.3,47.3,high,low,11,dynadot,,,30/09/2026 06:03
9fe8dea1-ec81-4ff0-aa61-1209c96aef60,gresham.hospital,available,44.2,44.2,medium,low,7,cloudflare,,,29/09/2026 01:08
710b4e72-d941-4e62-b82c-3eefeefb49d8,drums.hospital,available,57.99,57.99,medium,low,5,namesilo,,,18/09/2026 11:40
15b4feea-64a8-42fc-8208-042463e75238,divisible.hospital,available,55.98,71.98,high,low,9,namecheap,,,14/08/2026 13:57
110f2be9-ee05-4947-b3bd-cb5dd62c6d8b,hailing.hospital,available,45.74,45.74,high,low,7,spaceship,,,03/10/2026 03:25
ff9a4816-140d-41d9-8ba3-1ad6b7037335,eyewitness.hospital,available,45.74,45.74,high,low,10,spaceship,,,29/09/2026 18:49
71648132-316c-4c45-8c0c-3c64f9a14aaa,connectivity.hospital,available,57.99,57.99,high,low,12,namesilo,,,01/10/2026 17:34
cf53f595-bb4a-4f1e-a07a-aab753022246,cosmogenic.hospital,available,55.98,71.98,medium,low,10,namecheap,,,13/08/2026 03:00
3b85d7a8-87fe-4273-91cd-193d95a394e5,meredith.hospital,available,57.99,57.99,high,low,8,namesilo,,,25/09/2026 06:29
79a90def-764e-4c0e-ade6-09a4a9e73526,ardor.hospital,available,57.99,57.99,high,low,5,namesilo,,,20/09/2026 03:15
9244ca7f-2ef9-44ad-b847-96b2c5ad8d7c,crooks.hospital,available,55.98,71.98,medium,low,6,namecheap,,,30/09/2026 20:36
eb59fc25-3c1f-4ea3-a9e9-846ff321036d,herbaceous.hospital,available,55.98,71.98,medium,low,10,namecheap,,,21/08/2026 06:56
139db7c4-dbeb-422e-89e6-b0285c81d3e1,jsc.hospital,available,44.2,44.2,high,low,3,cloudflare,,,02/10/2026 07:48
250ff0c1-3bc2-4d0b-890d-8833b6cf9421,mattered.hospital,available,55.98,71.98,medium,low,8,namecheap,,,01/10/2026 18:12
e4d90038-fdec-47cc-931e-4330fcca9533,leaders.hospital,available,57.99,57.99,high,low,7,namesilo,,,30/09/2026 02:31
7244cd4d-bd0e-4806-930b-95967fb22155,tiddly.hospital,available,55.98,71.98,medium,low,6,namecheap,,,11/09/2026 15:36
e7bd258b-9348-46c1-92a9-0aae6cb6efc1,names.hospital,available,57.99,57.99,high,low,5,namesilo,,,25/09/2026 09:32
237d9537-8406-4102-9671-e096ec5e2553,monkeys.hospital,available,55.98,71.98,medium,low,7,namecheap,,,17/09/2026 10:08
baadc13c-1c80-447b-9545-6dd6b6b4a933,dine.hospital,available,57.99,57.99,high,low,4,namesilo,,,29/09/2026 14:13
29992efa-c346-48c1-9940-6e1efd26c6e8,philippi.hospital,available,57.99,57.99,medium,low,8,namesilo,,,22/09/2026 15:38
9a6fdc69-65bb-4ec2-ad92-636f7b0fef9e,idler.hospital,available,55.98,71.98,medium,low,5,namecheap,,,14/08/2026 14:10
7b2099f0-33c0-4e40-bdf6-8b6e224679ef,retard.hospital,available,55.98,71.98,high,low,6,namecheap,,,21/08/2026 20:33
15aa0427-0261-456c-9bf1-13d0f0ae842a,armin.hospital,available,57.99,57.99,high,low,5,namesilo,,,20/09/2026 07:10
dba43047-2444-4d6c-9a98-112116415b9f,raining.hospital,available,57.99,57.99,high,low,7,namesilo,,,19/09/2026 11:06
c866b906-364b-4c5d-acd8-60705ab3eca1,stingless.hospital,available,55.98,71.98,medium,low,9,namecheap,,,10/09/2026 20:48
e46673c6-371b-406b-bdc5-e1753006f23a,inaccessible.hospital,available,55.98,71.98,medium,low,12,namecheap,,,01/10/2026 22:45
aa7eb27a-05bb-4fe1-adf2-57ecf7bb3c17,controversy.hospital,available,45.74,45.74,medium,low,11,spaceship,,,29/09/2026 10:11
bd30c3c7-3e63-4f56-9fa1-f61bb60776e7,accessories.hospital,available,44.2,44.2,medium,low,11,cloudflare,,,01/10/2026 18:53
87863261-6958-42fb-8a8f-ab4c55eb9f23,stuck.hospital,available,45.74,45.74,medium,low,5,spaceship,,,28/09/2026 01:42
7bf0a6b8-cebc-4072-ab80-3a2fe6a1fc38,bulls.hospital,available,45.74,45.74,high,low,5,spaceship,,,28/09/2026 07:33
5fde1d46-2a86-497b-9034-d38e6f75c753,ascaris.hospital,available,57.99,57.99,high,low,7,namesilo,,,20/09/2026 13:03
077fd559-4219-4721-9773-0109fb9f1ebf,watering.hospital,available,57.99,57.99,high,low,8,namesilo,,,19/09/2026 17:23
6f806ccc-d8d8-44e2-86fe-83566cba9ece,taunting.hospital,available,55.98,71.98,medium,low,8,namecheap,,,14/08/2026 02:54
f329e1ab-a1e7-48d9-aee2-766c7dfc9388,tacitus.hospital,available,44.2,44.2,high,low,7,cloudflare,,,29/09/2026 07:01
972b9ce5-ea54-4425-a429-85fd6def78fe,amon.hospital,available,55.98,71.98,high,low,4,namecheap,,,18/09/2026 18:27
37014776-ca7b-4af4-ba37-c0efdf73b6c4,psychic.hospital,available,57.99,57.99,high,low,7,namesilo,,,27/09/2026 07:57
a6ddfbcc-b938-4e6d-8e7d-36c300009ff5,exploitation.hospital,available,57.99,57.99,medium,low,12,namesilo,,,30/09/2026 06:02
5e4b2156-9b93-4527-80b1-acb6c70d82c3,bahia.hospital,available,45.74,45.74,medium,low,5,spaceship,,,27/09/2026 18:32
6d8a30bf-7e20-44ef-a53e-908630b2c3f6,imperialism.hospital,available,44.2,44.2,high,low,11,cloudflare,,,02/10/2026 21:30
b1aa4f05-1c2b-4414-9a6d-6caf96d0dcf9,bleb.hospital,available,55.98,71.98,medium,low,4,namecheap,,,24/09/2026 05:21
1010a527-c080-4d2a-91fa-783eff01d9ae,moab.hospital,available,45.74,45.74,high,low,4,spaceship,,,01/10/2026 05:14
d967c0a6-1041-4d12-a748-a1048672df05,bae.hospital,available,44.2,44.2,high,low,3,cloudflare,,,02/10/2026 04:02
576760c5-8396-46f5-8059-7102e08ee8e1,plattensee.hospital,available,55.98,71.98,medium,low,10,namecheap,,,21/09/2026 21:22
482bad08-fea0-409a-972f-8252f51c451c,apertures.hospital,available,44.2,44.2,medium,low,9,cloudflare,,,30/09/2026 07:45
b25cab3e-9ac2-4037-9090-65110352fc31,eyebrow.hospital,available,45.74,45.74,medium,low,7,spaceship,,,01/10/2026 01:59
f7af7492-01cd-417d-b863-edafe0cf2eb5,nis.hospital,available,47.3,47.3,high,low,3,dynadot,,,29/09/2026 14:58
92624ea4-c07f-4335-b1c3-f18a8d5e43a2,advocating.hospital,available,44.2,44.2,medium,low,10,cloudflare,,,02/10/2026 21:40
7366d8df-fa86-4dc8-995e-639a7b8bb6ed,benzoin.hospital,available,57.99,57.99,medium,low,7,namesilo,,,20/09/2026 12:33
743dda3e-f9ff-4ee5-a013-b09daa6073c3,tunnel.hospital,available,57.99,57.99,high,low,6,namesilo,,,25/09/2026 03:48
101ece75-0794-4b05-ad16-40bfa17eb8ea,zimmerman.hospital,available,45.74,45.74,high,low,9,spaceship,,,27/09/2026 20:41
0217361f-aec8-4616-bf33-076d9cd32214,seepage.hospital,available,55.98,71.98,medium,low,7,namecheap,,,04/09/2026 15:38
be03fa53-d531-4a5d-8538-29965c5c0ad8,storytelling.hospital,available,45.74,45.74,high,low,12,spaceship,,,02/10/2026 11:52
0a9c5a7d-2d17-4c24-93a5-2f33d9ee27a6,deceitful.hospital,available,55.98,71.98,medium,low,9,namecheap,,,13/08/2026 21:06
3a3b50f9-91a2-4aef-940e-dead8e715a04,unhindered.hospital,available,55.98,71.98,medium,low,10,namecheap,,,12/09/2026 11:55
573d6eb0-2df0-496a-b837-e774e4208494,glamour.hospital,available,55.98,71.98,high,low,7,namecheap,,,21/08/2026 07:43
28bf1c33-b0c3-45ea-987d-ee5cc61857b6,alias.hospital,available,57.99,57.99,high,low,5,namesilo,,,28/09/2026 11:26
4042a84a-b1e5-476f-a1c4-c0478488523b,dubuque.hospital,available,45.74,45.74,medium,low,7,spaceship,,,28/09/2026 05:32
07422ba8-8797-418e-bcd8-ce77ff2326c3,unskilled.hospital,available,55.98,71.98,medium,low,9,namecheap,,,
463eaa3c-e0da-4bac-afa9-f19137a90f39,tagore.hospital,available,57.99,57.99,medium,low,6,namesilo,,,30/09/2026 02:38
a9acd157-fe36-451f-96f9-d54f9be964e0,packages.hospital,available,55.98,71.98,medium,low,8,namecheap,,,19/09/2026 00:23
d330c339-d379-4e91-9e64-322f575c4082,banff.hospital,available,57.99,57.99,medium,low,5,namesilo,,,22/09/2026 01:44
92271289-6f33-449a-8f46-5154a3ad6aac,pesos.hospital,available,57.99,57.99,medium,low,5,namesilo,,,30/09/2026 06:56
37696277-a597-4829-bb3e-15c0b3b6428a,southampton.hospital,available,57.99,57.99,medium,low,11,namesilo,,,25/09/2026 14:27
1835082c-eeb3-438a-8a8d-ee3719ccb9b7,bias.hospital,available,55.98,71.98,medium,low,4,namecheap,,,09/08/2026 18:35
48b6a190-48b9-4312-9573-7098a875a287,dubstep.hospital,available,57.99,57.99,high,low,7,namesilo,,,
ae960864-656c-4a8d-bfa1-cac44a0ad809,armful.hospital,available,57.99,57.99,medium,low,6,namesilo,,,20/09/2026 06:50
5cee8da6-8d68-4828-bd3e-eb0e41d3b399,anne.hospital,available,57.99,57.99,high,low,4,namesilo,,,19/09/2026 10:11
8b1d3172-08d2-4532-923a-3e2a93f6f27e,depends.hospital,available,55.98,71.98,medium,low,7,namecheap,,,25/09/2026 20:36
46e73fa5-0edb-4354-896d-a82a7c6e8615,venereal.hospital,available,55.98,71.98,medium,low,8,namecheap,,,18/08/2026 21:42
35adb879-2c24-47f1-9b95-c76d4b5d9baf,nps.hospital,available,45.83,45.83,high,low,3,porkbun,,,28/09/2026 16:21
eba5fd69-6d7b-4a54-8678-10b57f696d1b,sommer.hospital,available,44.2,44.2,high,low,6,cloudflare,,,29/09/2026 21:09
99f8cca6-7dae-42fd-b099-198adde26151,undertaken.hospital,available,45.74,45.74,medium,low,10,spaceship,,,01/10/2026 13:36
4fe9d576-7801-4a28-9fd9-0cc9008d8358,sara.hospital,available,55.98,71.98,high,low,4,namecheap,,,25/09/2026 21:30
80ba92bb-a20d-4e1f-8411-d698b1dad958,locust.hospital,available,47.3,47.3,medium,low,6,dynadot,,,30/09/2026 17:55
3951bc86-e485-4ca7-a2cf-1989e17360d2,carter.hospital,available,47.3,47.3,high,low,6,dynadot,,,29/09/2026 06:16
edaa7bb1-aeea-4a93-a407-79a5f3e87273,whore.hospital,available,77.99,83.99,high,low,5,name.com,,,13/08/2026 14:16
f1234260-58f2-4551-bf30-9fef30409f03,materialize.hospital,available,45.74,45.74,high,low,11,spaceship,,,01/10/2026 23:04
b2853ec3-cf2c-42a4-a05d-af7fc285c705,prayer.hospital,available,57.99,57.99,high,low,6,namesilo,,,28/09/2026 01:59
650403fd-220b-4553-89ab-3a934633d5eb,dominican.hospital,available,55.98,71.98,high,low,9,namecheap,,,14/08/2026 15:44
3198b878-f8cf-4148-89c1-c9aaafe369a6,ebionite.hospital,available,55.98,71.98,medium,low,8,namecheap,,,14/08/2026 23:04
5995b84e-703f-4404-a8b0-e7dbbde4b7d2,prosecutors.hospital,available,55.98,71.98,medium,low,11,namecheap,,,30/09/2026 00:33
7cca2093-b998-49a8-97f7-cfbdc96d5ac6,supplies.hospital,available,55.98,71.98,medium,low,8,namecheap,,,02/10/2026 19:15
309d4ffd-84b8-4d10-81be-6d5c66d2df15,jansen.hospital,available,47.3,47.3,medium,low,6,dynadot,,,28/09/2026 18:46
5c4ee6b4-3388-4f1c-8f02-6bfb6eda87db,leaning.hospital,available,55.98,71.98,high,low,7,namecheap,,,07/08/2026 13:24
447032b1-3f9d-4712-8721-5bccf95bc128,shadowy.hospital,available,55.98,71.98,medium,low,7,namecheap,,,10/09/2026 05:28
fadb793d-1f35-40ee-bdfd-c94bbe9c8d33,nigerien.hospital,available,55.98,71.98,medium,low,8,namecheap,,,03/09/2026 17:14
7bddc669-140b-45df-ad20-418c1fc88c1b,purchases.hospital,available,57.99,57.99,medium,low,9,namesilo,,,30/09/2026 07:19
83f07f5c-5470-4f7d-a149-edf945bb9d0d,celebrated.hospital,available,55.98,71.98,high,low,10,namecheap,,,11/08/2026 23:10
eb802a30-b89a-4d84-948c-648113bbb7fc,anaglyph.hospital,available,57.99,57.99,medium,low,8,namesilo,,,19/09/2026 01:21
4249d296-ae47-4d37-9669-2ab1ce6f8793,factually.hospital,available,55.98,71.98,medium,low,9,namecheap,,,14/09/2026 17:27
83c58a36-4d3f-4d6c-a87e-ee86fb80f535,stimulating.hospital,available,47.3,47.3,medium,low,11,dynadot,,,28/09/2026 21:23
0a0ce5c7-6072-4de4-a5cb-f67b92d736d3,fray.hospital,available,57.99,57.99,medium,low,4,namesilo,,,01/10/2026 19:39
037c9983-a277-430a-871d-bda87763fd87,spiral.hospital,available,55.98,71.98,high,low,6,namecheap,,,23/09/2026 14:59
f672297d-22c1-488e-a081-9da3ac7f4c8f,ternary.hospital,available,55.98,71.98,high,low,7,namecheap,,,
0f3c5c9d-bb06-45bc-9c94-2fb5fc157142,backspacer.hospital,available,57.99,57.99,medium,low,10,namesilo,,,21/09/2026 16:02
ba782e5c-7faa-4223-b31c-c88b67ffd74f,hereabouts.hospital,available,55.98,71.98,medium,low,10,namecheap,,,15/09/2026 00:20
1e74c8ea-c96d-4ca9-94ac-68d838d42741,livelihood.hospital,available,57.99,57.99,high,low,10,namesilo,,,29/09/2026 00:16
f0bea444-d405-45aa-abc9-21b6fbf9d528,mangold.hospital,available,57.99,57.99,medium,low,7,namesilo,,,23/09/2026 11:02
a811f8dc-ad46-4acf-a53d-aedb376626ab,derain.hospital,available,57.99,57.99,medium,low,6,namesilo,,,19/09/2026 04:09
90aa80d2-0830-454f-992c-2cc19d2181c0,heavenward.hospital,available,55.98,71.98,medium,low,10,namecheap,,,21/08/2026 02:31
ab002f12-c802-4f6c-9bc1-9b14f5b4f6c5,informed.hospital,available,57.99,57.99,high,low,8,namesilo,,,25/09/2026 09:34
7be96ba0-86d3-4712-82eb-ef0dbabfe5ce,credibly.hospital,available,55.98,71.98,medium,low,8,namecheap,,,14/09/2026 09:26
cdc7a561-dbdd-4bc0-8acd-df4fbe058e60,tahiti.hospital,available,45.74,45.74,high,low,6,spaceship,,,29/09/2026 20:28
3dc69ad4-581d-43bc-a963-90759c58ee65,baldachin.hospital,available,55.98,71.98,medium,low,9,namecheap,,,21/09/2026 21:30
a68c826b-edd9-4355-9475-58c8fec85a58,chosen.hospital,available,55.98,71.98,high,low,6,namecheap,,,16/08/2026 02:32
da0f4106-e824-48bf-8591-45dac6769704,jean.hospital,available,57.99,57.99,high,low,4,namesilo,,,28/09/2026 01:02
c5050e89-cc29-46b3-99b9-046f9e36262c,cores.hospital,available,57.99,57.99,medium,low,5,namesilo,,,01/10/2026 16:54
0430e244-e082-4ace-b123-1c86a1948449,flood.hospital,available,55.98,71.98,high,low,5,namecheap,,,29/09/2026 13:53
38679b66-c824-4f85-b56a-c6334f07faa3,mst.hospital,available,45.83,45.83,high,low,3,porkbun,,,02/10/2026 16:09
d78e184c-6a13-4d02-af98-4bde5cd82444,robustness.hospital,available,45.74,45.74,high,low,10,spaceship,,,29/09/2026 19:07
5568565e-5ce7-4e88-a811-1ee2d0a3c2fc,problem.hospital,available,45.74,45.74,high,low,7,spaceship,,,30/09/2026 07:28
8791a0da-3f0b-4829-95df-d317f792933e,feared.hospital,available,47.3,47.3,medium,low,6,dynadot,,,28/09/2026 11:28
bbfd35c9-de39-4dd3-a27a-c504f1403498,torturing.hospital,available,55.98,71.98,medium,low,9,namecheap,,,
fe09d58a-d49c-4cf3-922e-d8475880b1d3,upmarket.hospital,available,55.98,71.98,high,low,8,namecheap,,,12/09/2026 23:13
b3488c96-ccd0-41e8-bf6a-8426a0e8c8bb,allometry.hospital,available,55.98,71.98,medium,low,9,namecheap,,,18/09/2026 11:57
3088baa8-fb2a-41d7-afe8-7e9f4bdf299b,sober.hospital,available,55.98,71.98,high,low,5,namecheap,,,20/08/2026 18:42
9d56a5b1-826f-4a57-a653-82072c65b270,chalkboard.hospital,available,57.99,57.99,high,low,10,namesilo,,,24/09/2026 02:10
ca1628ad-9ba0-4313-a5b8-d70ee2e45cea,dane.hospital,available,45.74,45.74,high,low,4,spaceship,,,29/09/2026 00:37
02121f86-c1ae-4c40-b658-fbab5810119c,actinia.hospital,available,57.99,57.99,medium,low,7,namesilo,,,17/09/2026 04:43
74cc3b61-aecd-48a0-8dd6-6aee994de4c4,tattooing.hospital,available,57.99,57.99,high,low,9,namesilo,,,18/09/2026 01:47
c6bc444e-8cf8-4dd4-9c67-d3fac186f6f7,walker.hospital,available,55.98,71.98,high,low,6,namecheap,,,08/09/2026 12:36
77151824-374a-435c-8625-36126df932d9,presidency.hospital,available,44.2,44.2,high,low,10,cloudflare,,,29/09/2026 13:43
c93b7f54-b528-420d-b3f6-7b74a0dbe611,macbeth.hospital,available,57.99,57.99,high,low,7,namesilo,,,29/09/2026 13:20
7ef490de-325b-4df5-a4d5-0885c117e7a5,dawn.hospital,available,109.99,109.99,high,low,4,godaddy,,,28/09/2026 01:54
6d4ef369-bd6d-49e2-b662-cfcfda4471f6,capri.hospital,available,55.98,71.98,high,low,5,namecheap,,,30/09/2026 00:57
ba16a9f2-9d82-4ad5-a6f6-b01b491d9e2b,calligraphy.hospital,available,44.2,44.2,high,low,11,cloudflare,,,02/10/2026 11:27
73ed6b13-748d-47cb-a605-2bf197354f76,hen.hospital,available,57.99,57.99,high,low,3,namesilo,,,23/09/2026 13:44
ca4a062e-8420-4909-986e-c3efa0deebd7,handgun.hospital,available,45.74,45.74,high,low,7,spaceship,,,01/10/2026 19:54
702e882d-cf61-4d29-80c3-0e5256021071,risky.hospital,available,55.98,71.98,medium,low,5,namecheap,,,21/08/2026 01:43
bc983411-970e-42a8-8e33-73b39da3065b,regan.hospital,available,57.99,57.99,medium,low,5,namesilo,,,28/09/2026 07:56
ba911270-62a4-4145-9ad3-ac77e10a751d,flatfoot.hospital,available,55.98,71.98,medium,low,8,namecheap,,,10/09/2026 16:10
220c837f-3eb1-471a-8610-fe665824fb82,mover.hospital,available,57.99,57.99,high,low,5,namesilo,,,02/10/2026 05:49
3fe3faac-df92-49c1-a897-ba6c660fa24e,craggy.hospital,available,55.98,71.98,medium,low,6,namecheap,,,13/08/2026 04:44
862e08f5-f3fe-4874-996d-3e9f8421c44b,dunedin.hospital,available,45.83,45.83,medium,low,7,porkbun,,,29/09/2026 03:53
039c706f-3528-41d8-9a19-1bb24b386a0b,naturally.hospital,available,45.83,45.83,high,low,9,porkbun,,,28/09/2026 13:42
f322fb8b-3057-462f-b4ca-9be14d1ea495,nullified.hospital,available,55.98,71.98,medium,low,9,namecheap,,,22/08/2026 08:56
dd3aa3d5-1c4c-4e5e-9354-57c926c5d0fd,assists.hospital,available,44.2,44.2,medium,low,7,cloudflare,,,02/10/2026 22:45
7535b98c-fefc-4d2c-b0f2-b09d871bb509,pressing.hospital,available,57.99,57.99,high,low,8,namesilo,,,27/09/2026 05:26
46a47327-1c2d-4d82-a476-d0f26b36b732,extending.hospital,available,47.3,47.3,medium,low,9,dynadot,,,29/09/2026 10:43
ba685d3a-058b-455b-9a04-b6a30a8c4927,morristown.hospital,available,47.3,47.3,medium,low,10,dynadot,,,29/09/2026 01:41
63f0cbfe-f532-4e3d-a1b1-7b89da1ad5a7,tso.hospital,available,45.74,45.74,high,low,3,spaceship,,,02/10/2026 19:29
5eff3a6c-62db-4c4b-bac0-756d1367be02,housewife.hospital,available,57.99,57.99,high,low,9,namesilo,,,29/09/2026 01:18
3da2bbf2-682b-4097-9582-1afa6830f17b,fixed.hospital,available,55.98,71.98,high,low,5,namecheap,,,24/09/2026 19:10
401de3f1-92d4-4149-a1a6-362e924e3f27,design.hospital,available,44.2,44.2,high,medium,6,cloudflare,,,02/10/2026 13:14
4b88ab0a-76cb-4674-898d-151bbd257659,considering.hospital,available,57.99,57.99,medium,low,11,namesilo,,,26/09/2026 03:06
008a417e-4cc2-4e3c-9703-a0fc3d189677,seu.hospital,available,45.83,45.83,high,low,3,porkbun,,,02/10/2026 18:33
27b5f92e-a6e1-4db9-8699-d88f441dc885,simmonds.hospital,available,45.74,45.74,medium,low,8,spaceship,,,02/10/2026 10:51
7588cf5b-ba49-475a-924e-8af517faf53d,concoct.hospital,available,45.74,45.74,high,low,7,spaceship,,,30/09/2026 17:42
6383a888-8d09-40cc-9a9a-253d79131ed2,peyton.hospital,available,45.74,45.74,medium,low,6,spaceship,,,28/09/2026 18:24
43ddbbfb-d91e-4340-a53a-2acb4fe3a579,edc.hospital,available,44.2,44.2,high,low,3,cloudflare,,,03/10/2026 03:35
ffcfb099-4cdf-4646-a813-fa86ddd6efbb,mandalay.hospital,available,57.99,57.99,high,low,8,namesilo,,,01/10/2026 02:58
d40a117f-7673-4ed8-8622-2e2b42dc859d,snipefish.hospital,available,57.99,57.99,medium,low,9,namesilo,,,23/09/2026 06:28
68bc6230-96c7-4d7c-88e2-d2d8317b7108,artesian.hospital,available,55.98,71.98,medium,low,8,namecheap,,,06/08/2026 22:39
a5d6f9ae-c05e-4b20-98d0-bc8d137eab1e,ivo.hospital,available,57.99,57.99,high,low,3,namesilo,,,30/09/2026 04:54
e3561922-a436-492b-a5aa-3b422ee60202,chuck.hospital,available,55.98,71.98,high,low,5,namecheap,,,08/09/2026 10:16
145b95a7-bac7-4474-8ae2-0477a162fd21,obvious.hospital,available,57.99,57.99,high,low,7,namesilo,,,25/09/2026 23:50
6ce631f1-d037-444a-9fcf-3f589d5bb714,heartsease.hospital,available,57.99,57.99,medium,low,10,namesilo,,,20/09/2026 19:40
80dce629-d6c7-485d-a0f3-258c4083955b,armature.hospital,available,57.99,57.99,medium,low,8,namesilo,,,20/09/2026 06:32
132cd888-41c4-4f16-b3e6-02e4003d6697,tameable.hospital,available,55.98,71.98,medium,low,8,namecheap,,,11/09/2026 07:38
a7c9fbd1-4337-4e59-ac85-da656b393959,unwelcome.hospital,available,55.98,71.98,medium,low,9,namecheap,,,12/09/2026 22:38
b1990d36-2cb6-4a9c-92f7-723f28d66606,jonah.hospital,available,55.98,71.98,high,low,5,namecheap,,,24/09/2026 06:55
b7d3e027-c8cc-4f0e-890f-3ca1048fb05a,pity.hospital,available,57.99,57.99,high,low,4,namesilo,,,23/09/2026 16:56
609336b4-837c-4645-93d8-44dd00e823fb,haskell.hospital,available,45.74,45.74,high,low,7,spaceship,,,28/09/2026 03:46
bdd16c0d-1ae8-4f62-9d12-b0e33c8d4af2,defence.hospital,available,55.98,71.98,high,low,7,namecheap,,,29/09/2026 13:32
311832b6-4b35-44e5-9782-77508066a809,smog.hospital,available,55.98,71.98,high,low,4,namecheap,,,02/10/2026 06:26
d8be1575-6e27-43a6-87e1-472c23df7821,habitual.hospital,available,55.98,71.98,high,low,8,namecheap,,,20/08/2026 21:28
8173e7a5-05df-402a-97e5-02dd66913907,senate.hospital,available,45.74,45.74,medium,low,6,spaceship,,,28/09/2026 10:53
8a262d13-c6dd-451d-a548-210bdaa1c37c,designs.hospital,available,44.2,44.2,high,low,7,cloudflare,,,30/09/2026 20:49
158ef361-add9-489c-8a58-48fb8e0d5fb8,wrath.hospital,available,45.74,45.74,medium,low,5,spaceship,,,28/09/2026 20:48
d3e67a42-4874-47db-bfe8-078f7ca4f9d7,informs.hospital,available,57.99,57.99,medium,low,7,namesilo,,,20/09/2026 13:37
6762cd29-2c20-441a-9e68-4d1252947b57,share.hospital,available,57.99,57.99,high,medium,5,namesilo,,,29/09/2026 11:30
20ec1606-7d80-4165-9d15-2ec725c54767,giving.hospital,available,55.98,71.98,high,low,6,namecheap,,,09/08/2026 20:55
45244bcf-3124-4d42-88b4-a4e8c35ce3f9,colorize.hospital,available,55.98,71.98,medium,low,8,namecheap,,,12/08/2026 17:34
a79d4a3f-09c5-45ac-aea9-5070ac3fdd34,thundered.hospital,available,57.99,57.99,medium,low,9,namesilo,,,20/09/2026 16:05
98371de4-03a5-4a9b-88dc-98afb95b6b5c,clare.hospital,available,44.2,44.2,high,low,5,cloudflare,,,29/09/2026 03:17
4ff1d830-447b-4395-9c06-cd7b6fdd945e,suggestive.hospital,available,55.98,71.98,medium,low,10,namecheap,,,21/08/2026 22:34
64fa90d7-abc0-4ca5-9910-33fae0b58d55,michel.hospital,available,55.98,71.98,high,low,6,namecheap,,,25/09/2026 12:46
943e74f1-6f15-44e8-a532-e20b63eba81c,harper.hospital,available,57.99,57.99,high,low,6,namesilo,,,25/09/2026 06:58
5a7b45db-8295-4c1c-911a-2072c90fa426,militaire.hospital,available,44.2,44.2,medium,low,9,cloudflare,,,03/10/2026 03:27
cee449c8-3c67-4e47-ab6a-f00ffa9993a8,league.hospital,available,44.2,44.2,high,low,6,cloudflare,,,30/09/2026 02:33
c1615e11-6435-4899-be8c-fb18c81c62f0,installing.hospital,available,45.74,45.74,high,low,10,spaceship,,,30/09/2026 02:00
4ef96d99-6266-48d0-865e-6ba8b70fed72,blogs.hospital,available,57.99,57.99,medium,low,5,namesilo,,,20/09/2026 05:52
04e45f4b-a93e-45b8-b388-4abee4c37d28,slovene.hospital,available,47.3,47.3,medium,low,7,dynadot,,,28/09/2026 20:30
8b9db5f1-da8b-46fd-885a-a8e67d117b1e,hilar.hospital,available,55.98,71.98,medium,low,5,namecheap,,,21/08/2026 09:19
ec8a6e09-a069-4c6d-b98c-88c13f6d3916,cenozoic.hospital,available,55.98,71.98,medium,low,8,namecheap,,,11/08/2026 23:46
7d2d8788-16c4-408b-a4a0-c77a08f2d5fb,unsheared.hospital,available,55.98,71.98,low,low,9,namecheap,,,12/09/2026 19:44
74bd875f-8091-4080-8a7d-a25ca747119e,cooler.hospital,available,55.98,71.98,high,low,6,namecheap,,,24/09/2026 18:05
719c572a-d9de-429b-94eb-a03b3826f4d7,bipartisan.hospital,available,55.98,71.98,high,low,10,namecheap,,,10/08/2026 04:32
1d4abd29-2439-439e-831e-3b6a1f486de3,disgusting.hospital,available,55.98,71.98,medium,low,10,namecheap,,,14/08/2026 10:32
4291b000-b362-4d65-a639-32665efcd1ea,avarice.hospital,available,57.99,57.99,medium,low,7,namesilo,,,21/09/2026 08:42
5d4927a9-611d-46d5-a03c-92709c217d75,anomalies.hospital,available,47.3,47.3,medium,low,9,dynadot,,,02/10/2026 13:45
3df2e8b3-b6f3-4994-99c3-25282b09fec8,tips.hospital,available,57.99,57.99,high,low,4,namesilo,,,19/09/2026 17:44
66b4fd30-3c2b-41cf-80fc-6f851cbb41cc,papillary.hospital,available,55.98,71.98,medium,low,9,namecheap,,,05/09/2026 01:21
9ff27258-63d6-49ec-a1a0-3df372af5789,shawn.hospital,available,45.74,45.74,high,low,5,spaceship,,,27/09/2026 15:48
5b98d833-506d-4b20-877b-c02f96f6a051,spacing.hospital,available,57.99,57.99,high,low,7,namesilo,,,30/09/2026 18:47
45e0b231-da53-4b27-9907-a784aedbbc02,stunted.hospital,available,55.98,71.98,medium,low,7,namecheap,,,10/09/2026 23:04
e333db64-327f-4f81-9ea3-c87141531fc0,snl.hospital,available,45.74,45.74,medium,low,3,spaceship,,,02/10/2026 19:24
a26bc661-4f79-4d7f-998d-7c9f5a2b5b03,diplomat.hospital,available,57.99,57.99,high,low,8,namesilo,,,29/09/2026 15:06
7c11a880-4e68-485b-b74a-89bc9a1316fe,stoolie.hospital,available,55.98,71.98,medium,low,7,namecheap,,,11/08/2026 16:46
476bc817-a30c-44bb-8f78-0b9de2ea38cf,livable.hospital,available,55.98,71.98,high,low,7,namecheap,,,24/08/2026 07:42
4697c4e6-3dfc-41bc-9473-764b6c0c7919,profiling.hospital,available,45.74,45.74,high,low,9,spaceship,,,01/10/2026 21:21
52949d89-c082-4770-bf45-2c4718c8b107,samarium.hospital,available,57.99,57.99,medium,low,8,namesilo,,,20/09/2026 23:24
e2b1a177-9a59-4290-a4f8-b3e32e89f66e,ruhr.hospital,available,57.99,57.99,medium,low,4,namesilo,,,29/09/2026 02:04
f828a61e-57e0-48e9-939f-b1b98e0e7519,technical.hospital,available,45.74,45.74,high,low,9,spaceship,,,02/10/2026 12:55
32619e64-940f-4d8d-a13e-4364fefe8cfd,ascend.hospital,available,45.74,45.74,high,medium,6,spaceship,,,30/09/2026 03:12
8f60affb-ba74-4f14-9d42-c5b5f0e2b4c1,bishops.hospital,available,44.2,44.2,low,low,7,cloudflare,,,30/09/2026 23:08
62e4943d-f520-4141-bf38-bfe5b413c5c2,leaky.hospital,available,55.98,71.98,medium,low,5,namecheap,,,22/08/2026 22:01
9a7fc76a-4774-4add-b4b5-b46261bd6426,gower.hospital,available,57.99,57.99,medium,low,5,namesilo,,,29/09/2026 04:18
2e2fa642-0c2e-4b41-9a64-e65d5d504a73,polled.hospital,available,57.99,57.99,high,low,6,namesilo,,,20/09/2026 17:21
2fc1242e-16da-4b5c-9ef6-27b01460b98f,physique.hospital,available,45.74,45.74,high,low,8,spaceship,,,01/10/2026 18:42
d5b9d402-d9e8-453a-8bcf-1f9108f66e73,once.hospital,available,57.99,57.99,high,low,4,namesilo,,,24/09/2026 15:11
5ab1392f-2828-4b9f-9259-dd35d91da7d9,adh.hospital,available,77.99,83.99,high,low,3,name.com,,,17/09/2026 07:56
d32ee3b0-2ce8-40e1-8334-27fb3e3e9b64,affirmative.hospital,available,45.74,45.74,high,low,11,spaceship,,,30/09/2026 22:02
2d48715e-935f-4eb1-a645-02f77a159466,chillicothe.hospital,available,45.74,45.74,medium,low,11,spaceship,,,01/10/2026 12:11
1b9bd83d-48a6-491f-9cdb-e12f7dfcb0c8,looks.hospital,available,55.98,71.98,high,low,5,namecheap,,,02/10/2026 18:53
95b4bc5f-296b-41cb-95f2-d7afbed53d03,abnaki.hospital,available,55.98,71.98,medium,low,6,namecheap,,,
ebed64e2-9fbf-4afa-ae9c-b454d7cb10ab,belongs.hospital,available,55.98,71.98,medium,low,7,namecheap,,,25/09/2026 20:38
a6194efe-44fb-4f83-9e42-a295ae42b4fa,paltry.hospital,available,55.98,71.98,medium,low,6,namecheap,,,24/08/2026 18:25
1b01b118-5362-4f1b-9868-23a052a934cc,districts.hospital,available,57.99,57.99,medium,low,9,namesilo,,,01/10/2026 16:30
371e5a8b-ea36-44a8-a379-c198aba817fb,victims.hospital,available,55.98,71.98,medium,low,7,namecheap,,,18/09/2026 21:07
9df8ad94-c338-4726-a17e-49e224b74a7f,raiser.hospital,available,77.99,83.99,medium,low,6,name.com,,,17/09/2026 19:22
9b1bbc7c-952a-4c75-99aa-76cd170289c8,shingle.hospital,available,44.2,44.2,high,low,7,cloudflare,,,01/10/2026 21:39
21825530-8862-4d80-8253-e8958d959fe2,coachella.hospital,available,44.2,44.2,high,low,9,cloudflare,,,30/09/2026 22:20
ada8b63e-897d-4bc1-852a-91927a2b4eb3,lay.hospital,available,57.99,57.99,high,low,3,namesilo,,,25/09/2026 13:03
0a6cb7c7-c857-4a6e-8575-ff642fc500e9,touchdown.hospital,available,45.74,45.74,high,low,10,spaceship,,,28/09/2026 20:40
fdc0d05d-e5a1-478d-848e-9a815de3e97d,giza.hospital,available,45.74,45.74,high,low,4,spaceship,,,29/09/2026 17:47
b4be521b-12b5-4275-9f92-9e6aab4ba0bf,banning.hospital,available,55.98,71.98,medium,low,7,namecheap,,,18/08/2026 11:11
94f39d57-0a40-4e16-afe8-52c22359274d,statehood.hospital,available,71.98,,high,low,9,namecheap,,,
eb8a2660-3498-423f-8884-9d8bd742aadb,malpractice.hospital,available,45.74,45.74,high,low,11,spaceship,,,01/10/2026 15:32
0af639dd-d023-4afe-a4b2-dc93a1928a5c,breast.hospital,available,57.99,57.99,high,low,6,namesilo,,,24/09/2026 08:29
7d5e4e64-45d6-4ec2-a7a1-b36c5338bda6,glaring.hospital,available,55.98,71.98,medium,low,7,namecheap,,,10/08/2026 13:47
138b48be-b1f0-450a-b946-2160efd1bdfa,bismarck.hospital,available,57.99,57.99,high,low,8,namesilo,,,23/09/2026 22:03
4da34758-56cd-4595-bb29-602238e76430,fleshly.hospital,available,55.98,71.98,medium,low,7,namecheap,,,
690bf4f5-fd07-48ce-8211-40dcffb670ec,vancouver.hospital,premium,128.7,128.7,high,medium,9,namecheap,,,29/09/2026 12:40
8d41aa5b-c511-4b3c-9aa9-f3b2ce55f0a5,fireball.hospital,available,57.99,57.99,high,low,8,namesilo,,,21/09/2026 22:35
9efd3895-6a1a-4f03-af56-6f48bad2c078,toller.hospital,available,57.99,57.99,medium,low,6,namesilo,,,23/09/2026 05:41
50416645-a18c-40ba-a09c-fb9677c3f63f,conditioning.hospital,available,45.83,45.83,high,low,12,porkbun,,,28/09/2026 12:54
626eb562-e859-4939-961c-e62b670283ac,sitting.hospital,available,45.74,45.74,high,low,7,spaceship,,,27/09/2026 19:14
04bc6040-ba67-4dc9-9cb6-b5055242d7ee,term.hospital,available,45.74,45.74,high,low,4,spaceship,,,29/09/2026 20:09
dd54fe3a-8727-4140-9804-a52fb297c5f5,magistrate.hospital,available,55.98,71.98,high,low,10,namecheap,,,01/10/2026 02:56
61851bd0-4e73-49dd-b2cf-3dc8501a112a,kathleen.hospital,available,57.99,57.99,high,low,8,namesilo,,,25/09/2026 14:34
d975d7e8-0e2c-43f8-9da5-e149f4d1e5b1,abradant.hospital,available,55.98,71.98,medium,low,8,namecheap,,,
7a09dd9e-f1d3-4e3f-8cd1-460fa0a8872e,unstated.hospital,available,55.98,71.98,medium,low,8,namecheap,,,12/09/2026 09:45
1cd5b7a8-1aa4-405a-a089-03d5dcd2beeb,leaks.hospital,available,57.99,57.99,medium,low,5,namesilo,,,18/09/2026 06:46
8bd5746c-2589-4018-b75c-03ffdd5eb121,rurally.hospital,available,55.98,71.98,medium,low,7,namecheap,,,16/09/2026 00:20
98f6161f-ae35-4bb1-9b73-452e825aa15e,cloudberry.hospital,available,55.98,71.98,medium,low,10,namecheap,,,21/09/2026 20:03
f43f1fa0-a672-43e5-b428-24baa73225d6,antiacid.hospital,available,57.99,57.99,high,low,8,namesilo,,,22/09/2026 05:47
ca1a7407-9406-45a3-9209-1dacb2eafe93,riddles.hospital,available,45.74,45.74,medium,low,7,spaceship,,,02/10/2026 19:06
d35b98ab-9f40-48bc-ba60-dcb8735f3c43,retake.hospital,available,57.99,57.99,high,low,6,namesilo,,,03/10/2026 01:55
618f4a5c-4eec-4e55-92ec-e8f08a29cd7c,chichi.hospital,available,55.98,71.98,high,low,6,namecheap,,,12/08/2026 04:46
46764d5f-1e89-4158-bfd1-4d7e7ba15145,counterpart.hospital,available,57.99,57.99,high,low,11,namesilo,,,30/09/2026 03:28
d9463bf7-4652-43ed-9221-3012e7494598,artie.hospital,available,44.2,44.2,medium,low,5,cloudflare,,,30/09/2026 13:26
a0910c70-ff2a-46f8-b036-f1728f42699b,strontium.hospital,available,57.99,57.99,medium,low,9,namesilo,,,20/09/2026 22:59
a648ef21-56da-40b8-af91-f3f2d09025ea,parameters.hospital,available,47.3,47.3,medium,low,10,dynadot,,,30/09/2026 00:21
f8f85410-b080-41bc-9f0b-f496be0aaa1b,plata.hospital,available,57.99,57.99,high,low,5,namesilo,,,27/09/2026 02:58
a15e1db1-fcb1-4778-92cd-c42ed868eb4d,relays.hospital,available,44.2,44.2,medium,low,6,cloudflare,,,01/10/2026 18:27
371307ab-c8e2-4d17-aa58-521e8104ccb5,engagement.hospital,available,57.99,57.99,high,low,10,namesilo,,,25/09/2026 10:18
0af2f13d-3aa3-4291-b7eb-b105e0892c4b,literate.hospital,available,55.98,71.98,high,low,8,namecheap,,,24/08/2026 07:26
433ea23b-497c-4189-9fc2-c86dec7d8055,housekeeping.hospital,resell,,,high,low,12,,,,29/09/2026 10:23
826f522f-a24f-4454-a546-7a7e45d7ded6,lewdly.hospital,available,55.98,71.98,low,low,6,namecheap,,,15/09/2026 11:12
24396ec5-d758-4548-b665-0a47eba3309e,denied.hospital,available,57.99,57.99,low,low,6,namesilo,,,27/09/2026 02:21
eec5c1a4-239e-444f-81a1-4bff775e97bf,daydream.hospital,available,57.99,57.99,high,low,8,namesilo,,,17/09/2026 22:00
812d2ca3-a2d6-45bd-a77c-fba1f826db6c,grill.hospital,available,57.99,57.99,high,low,5,namesilo,,,28/09/2026 05:54
eb28815e-9dc7-4dbf-8157-c1a723c39a37,homeowner.hospital,available,57.99,57.99,high,low,9,namesilo,,,30/09/2026 10:09
80f57dc1-59b4-40bc-8201-22404abf59f6,northfield.hospital,available,44.2,44.2,medium,low,10,cloudflare,,,29/09/2026 10:07
766306cd-785b-4fb7-9ada-a01b050fec42,aviation.hospital,available,57.99,57.99,high,low,8,namesilo,,,17/09/2026 22:43
4ccdc260-7126-4c8a-881a-8b073ce1acc2,xix.hospital,available,55.98,71.98,high,low,3,namecheap,,,21/09/2026 12:08
60d41372-737a-4e7b-ad64-9fe036b06bb0,bandolier.hospital,available,57.99,57.99,medium,low,9,namesilo,,,22/09/2026 01:27
9f385e71-30af-4c0d-9803-0d6335042bde,clef.hospital,available,57.99,57.99,high,low,4,namesilo,,,24/09/2026 15:30
ac7473fb-6c68-40cc-852f-12e5bd7dc1a5,labrador.hospital,available,55.98,71.98,high,low,8,namecheap,,,01/10/2026 20:14
39c4cc6c-30cc-4506-8579-e2f1327601dd,pcl.hospital,available,45.74,45.74,high,low,3,spaceship,,,30/09/2026 21:08
b39c3175-7633-4e82-86a8-98a6c86b635d,babes.hospital,available,45.74,45.74,high,low,5,spaceship,,,01/10/2026 16:19
6788554f-9c07-4159-9289-c6517ecad76c,subversive.hospital,available,55.98,71.98,high,low,10,namecheap,,,22/08/2026 07:46
060135e1-2be6-40cb-9e3c-7b197d85d49d,observation.hospital,available,57.99,57.99,high,low,11,namesilo,,,02/10/2026 04:26
44eab51a-7362-4cf3-8fab-2581340f98fd,veg.hospital,available,47.3,47.3,high,low,3,dynadot,,,30/09/2026 14:22
2af7b3ac-62f6-4246-bce1-d1e698bc8af4,defy.hospital,available,45.74,45.74,high,low,4,spaceship,,,29/09/2026 20:41
2818df63-efb6-466f-9a11-816bb8a6c5da,leed.hospital,available,45.83,45.83,high,low,4,porkbun,,,30/09/2026 20:18
b704a303-2d84-455e-afbe-996c8389a36d,presiding.hospital,available,44.2,44.2,medium,low,9,cloudflare,,,29/09/2026 16:06
f509b0a8-4cab-45a5-a797-f1658d2fda15,comma.hospital,available,55.98,71.98,high,low,5,namecheap,,,24/09/2026 16:27
348fe90c-c204-4756-b36d-ddd54446d495,robbed.hospital,available,57.99,57.99,low,low,6,namesilo,,,27/09/2026 02:44
d54006c3-61d2-40cd-affc-3858a0b27af7,owl.hospital,available,55.98,71.98,high,medium,3,namecheap,,,23/09/2026 20:08
1899ee80-7975-46ad-b52d-87e7c02f5766,exclusive.hospital,available,55.98,71.98,high,low,9,namecheap,,,17/08/2026 16:33
3923853c-5b08-48ba-b649-f79f050752ea,glaucous.hospital,available,55.98,71.98,medium,low,8,namecheap,,,20/08/2026 14:16
1f8ec497-9e97-4761-a729-fe3cb019e81c,glenda.hospital,available,57.99,57.99,high,low,6,namesilo,,,02/10/2026 09:10
eaa2b99a-6a26-457e-9309-047340724ed9,runabout.hospital,available,45.74,45.74,medium,low,9,spaceship,,,02/10/2026 17:47
b3a4a46f-f9c3-4d72-a356-766e70f9a3b2,shines.hospital,available,45.74,45.74,medium,low,6,spaceship,,,29/09/2026 17:16
70dd2e53-15aa-4c16-b036-c685156476f0,pondering.hospital,available,55.98,71.98,high,low,9,namecheap,,,11/08/2026 06:01
d4ddecb4-d495-4c35-818f-6e2187ddd34d,bathing.hospital,available,57.99,57.99,high,low,7,namesilo,,,22/09/2026 13:36
e8b1b852-c66e-4e2a-a6ca-20a92c285f7f,connatural.hospital,available,55.98,71.98,medium,low,10,namecheap,,,12/08/2026 22:18
6c5ab6a6-e43b-4118-94e3-ce8e575c1ac0,moldavia.hospital,available,57.99,57.99,medium,low,8,namesilo,,,29/09/2026 13:27
3e8e9e4b-eb30-400c-9023-a7bf4e63c3dc,akha.hospital,available,57.99,57.99,medium,low,4,namesilo,,,17/09/2026 23:55
4844fcfe-9723-4f4e-8413-71e6b9caec3a,wang.hospital,available,45.74,45.74,high,low,4,spaceship,,,27/09/2026 17:02
4b121621-a44b-45c6-8f8f-1c492b053279,presently.hospital,available,55.98,71.98,medium,low,9,namecheap,,,28/09/2026 13:26
b1bb31c4-5afa-45a9-9d02-2ccdea81bd7e,unformed.hospital,available,55.98,71.98,medium,low,8,namecheap,,,12/09/2026 10:39
391b1dc0-91ed-4e1c-a063-7053bc23b7f0,allow.hospital,available,55.98,71.98,high,low,5,namecheap,,,06/08/2026 09:03
3eac42d8-b6b6-4b4b-88a3-2566ede7bf10,poole.hospital,available,57.99,57.99,high,low,5,namesilo,,,25/09/2026 17:31
b2bc4fac-1261-41dd-a0f3-b4cc900cae0d,autocracy.hospital,available,55.98,71.98,medium,low,9,namecheap,,,21/09/2026 06:08
7086e237-ed5e-4379-ac03-5b6e7fc1c82b,singing.hospital,available,55.98,71.98,high,low,7,namecheap,,,11/08/2026 17:40
fb9e8dd8-9fa6-4f5a-a696-419fbe95a61a,thursday.hospital,available,47.3,47.3,high,low,8,dynadot,,,30/09/2026 13:11
3f2c1f0a-6cd6-4085-b7d6-76547ccecd55,diskette.hospital,available,55.98,71.98,high,low,8,namecheap,,,18/08/2026 08:53
acb09b43-b413-4973-89bf-16e9a30ed5e6,imposed.hospital,available,55.98,71.98,medium,low,7,namecheap,,,21/08/2026 22:50
7034a647-d40a-4ee2-9077-4e2770c19ff6,diagnose.hospital,available,44.2,44.2,high,low,8,cloudflare,,,30/09/2026 19:11
9b86a94f-6a89-4679-8cab-be645821dbeb,aides.hospital,available,55.98,71.98,high,low,5,namecheap,,,17/09/2026 20:51
ad64f007-69b2-4682-9172-11f29f3031bf,demonic.hospital,available,55.98,71.98,medium,low,7,namecheap,,,14/08/2026 01:26
d794ccdb-473c-485b-817b-b57c19cfba10,sportsman.hospital,available,57.99,57.99,high,low,9,namesilo,,,01/10/2026 21:45
affa8b3c-9dda-406e-96cd-be2fab27a070,slovenly.hospital,available,55.98,71.98,medium,low,8,namecheap,,,18/08/2026 16:55
b726217b-6be3-48f6-91cc-0eeee8e57552,beastly.hospital,available,55.98,71.98,medium,low,7,namecheap,,,09/08/2026 04:54
177bddca-e516-41fe-ba21-e0f62125506c,centuries.hospital,available,57.99,57.99,medium,low,9,namesilo,,,17/09/2026 04:43
9e0dff40-bde9-4bb2-9eee-e5692dff7c83,maddie.hospital,available,57.99,57.99,high,low,6,namesilo,,,01/10/2026 11:42
512cbc32-dddd-4ffc-bb8e-3252c360ab7f,chuckles.hospital,available,45.74,45.74,medium,low,8,spaceship,,,02/10/2026 23:09
53e00bd1-9bd9-4f21-8488-e81abb30b6c1,cohomology.hospital,available,45.74,45.74,medium,low,10,spaceship,,,30/09/2026 15:06
bf3bb361-6c93-4a50-8837-b5e3c0d05a7b,tattler.hospital,available,55.98,71.98,medium,low,7,namecheap,,,11/09/2026 10:30
af6860e5-cecf-42f2-b1e1-c41d7f736e38,haus.hospital,available,44.2,44.2,medium,low,4,cloudflare,,,30/09/2026 14:07
46e9f01f-db25-4232-8ff6-1e7fd3f9816c,diplomacy.hospital,available,45.74,45.74,high,low,9,spaceship,,,29/09/2026 15:04
8b5c53c4-126d-41a5-842b-15ebd2302eb7,alsatia.hospital,available,57.99,57.99,medium,low,7,namesilo,,,18/09/2026 14:16
cd5b8999-935f-4335-84af-8bd31720acd0,area.hospital,available,45.74,45.74,high,low,4,spaceship,,,28/09/2026 22:00
8121a03c-ab16-4b3c-b4c5-33e42676220b,interns.hospital,available,44.2,44.2,high,low,7,cloudflare,,,02/10/2026 03:28
b1d8e747-fe75-4843-a455-22a1b4e69320,eurovision.hospital,available,45.83,45.83,high,low,10,porkbun,,,03/10/2026 04:31
ddf08178-bfbf-41af-b753-05dc8de147e6,agenda.hospital,available,57.99,57.99,high,low,6,namesilo,,,17/09/2026 17:02
dcaa7f28-987b-44a9-a056-df2e9cc21083,salty.hospital,available,57.99,57.99,high,low,5,namesilo,,,19/09/2026 11:13
a099db01-948b-4c1a-b480-e8f8ffe3031d,sweptwing.hospital,available,55.98,71.98,medium,low,9,namecheap,,,11/09/2026 05:46
88d1a48d-e011-4397-82bb-4b75675bb97f,smith.hospital,available,55.98,71.98,high,medium,5,namecheap,,,28/09/2026 18:16
c332c8b9-3f7f-4426-8944-0e0ef73c992d,akko.hospital,available,57.99,57.99,medium,low,4,namesilo,,,16/09/2026 22:23
b49ac299-132f-44c1-ad40-df8860fb317b,wain.hospital,available,55.98,71.98,medium,low,4,namecheap,,,23/09/2026 14:30
9e1faeb7-6ac6-4810-be0f-7283ab3bb22a,skies.hospital,available,55.98,71.98,medium,low,5,namecheap,,,18/09/2026 07:49
5eb64364-01e1-41c1-8e1e-a011e2d43120,academia.hospital,available,47.3,47.3,high,low,8,dynadot,,,28/09/2026 08:49
810f357c-95e5-4bb3-947f-20d8fdbdb0cd,karate.hospital,available,45.83,45.83,high,low,6,porkbun,,,28/09/2026 19:36
386201b9-46fb-4fd1-9760-489eb29adfab,braun.hospital,available,57.99,57.99,high,low,5,namesilo,,,25/09/2026 02:19
bfdf2a02-5665-4bf1-9fd5-ea23af1f3d1a,irresponsible.hospital,available,45.74,45.74,medium,low,13,spaceship,,,28/09/2026 21:26
1d9301bd-2b50-41ba-8802-e8554108446c,adhesion.hospital,available,57.99,57.99,high,low,8,namesilo,,,17/09/2026 07:59
3ef3a802-27fa-4fa4-be16-d0e0e80b19ac,psc.hospital,available,47.3,47.3,high,low,3,dynadot,,,29/09/2026 22:26
f600ed71-07b2-4d54-bbf5-db27a79f23b2,iniquity.hospital,available,55.98,71.98,medium,low,8,namecheap,,,17/08/2026 15:08
c75764ca-9a53-4c20-894f-4e3c8a58fefe,maguey.hospital,available,55.98,71.98,medium,low,6,namecheap,,,17/09/2026 16:37
71df8533-6e45-42aa-a2c2-9585d2ee8352,mubarak.hospital,available,45.83,45.83,medium,low,7,porkbun,,,29/09/2026 13:04
2f36964d-e1a0-4a5e-8644-0fd33ac1eca3,hollywood.hospital,available,55.98,71.98,high,low,9,namecheap,,,21/08/2026 10:34
bc07de61-7191-41f5-9bef-d2f8f2119b8b,logistic.hospital,available,55.98,71.98,high,low,8,namecheap,,,24/08/2026 08:52
d8e5e340-2e61-4856-916d-9740bbafcf5e,sash.hospital,available,45.74,45.74,high,low,4,spaceship,,,01/10/2026 01:27
141b1665-7b0d-41d2-a01d-94bffad238a6,pairs.hospital,available,57.99,57.99,medium,low,5,namesilo,,,16/09/2026 14:58
6e3d07d6-0391-4c3c-bf82-4764333583ad,climbed.hospital,available,45.74,45.74,low,low,7,spaceship,,,28/09/2026 08:46
db8f4f96-8e31-4032-99a5-b7c7a1c1d42c,doubted.hospital,available,47.3,47.3,low,low,7,dynadot,,,29/09/2026 16:14
442d4c72-1ce6-4040-ae8d-b5df8b0e8cd4,astrogator.hospital,available,55.98,71.98,medium,low,10,namecheap,,,20/09/2026 17:41
cc0ef60c-bc33-4eda-affe-89cd5e9e59d1,humbled.hospital,available,55.98,71.98,high,low,7,namecheap,,,21/08/2026 15:00
fdcbe9c5-ec86-419b-bb73-5b9ecf9b32cd,buddies.hospital,available,45.74,45.74,medium,low,7,spaceship,,,29/09/2026 06:02
3e19fafc-ca11-4a0e-987c-0f5a7c596a50,marathi.hospital,available,45.74,45.74,medium,low,7,spaceship,,,29/09/2026 19:35
8118bb1c-fff4-4e40-a2e1-7517e7452a6f,sceptical.hospital,available,55.98,71.98,medium,low,9,namecheap,,,14/08/2026 09:36
dc8cf7b6-e763-4630-8e1b-2381e744177b,donkeywork.hospital,available,55.98,71.98,medium,low,10,namecheap,,,08/09/2026 21:22
adee70b7-849a-4997-9055-e999bcc66c1e,conditioner.hospital,available,57.99,57.99,high,low,11,namesilo,,,01/10/2026 05:38
7dcedf09-d35a-48e2-95b2-1fa630e988f4,wendell.hospital,available,45.83,45.83,medium,low,7,porkbun,,,27/09/2026 20:17
6d3bb746-7196-48e1-b885-48b3a60796a8,xxiv.hospital,available,55.98,71.98,medium,low,4,namecheap,,,
435706ea-a353-4a05-8008-8bfd80545fab,almoner.hospital,available,57.99,57.99,high,low,7,namesilo,,,18/09/2026 12:40
fb41258c-4401-4e87-981f-77ffad68ae4e,phoenician.hospital,available,55.98,71.98,high,low,10,namecheap,,,08/09/2026 19:00
87d0f319-61cd-4147-a740-8c0472eebfd7,frames.hospital,available,55.98,71.98,medium,low,6,namecheap,,,29/09/2026 11:27
6da447c8-1aff-4661-a2ed-8f9488ec3dbb,resolved.hospital,available,55.98,71.98,high,low,8,namecheap,,,27/09/2026 12:25
8989cd64-8eab-4582-bfc5-fff01338aaf4,banksia.hospital,available,55.98,71.98,high,low,7,namecheap,,,22/09/2026 02:53
b368283d-2720-4fde-924e-3f83b4910dfa,improving.hospital,available,55.98,71.98,high,low,9,namecheap,,,21/08/2026 23:17
551de1b3-536d-44ac-a998-5ace474b98e8,focuses.hospital,available,57.99,57.99,medium,low,7,namesilo,,,20/09/2026 21:43
d3e013f1-c1e8-4960-b898-8612b1fe5286,axone.hospital,available,57.99,57.99,high,low,5,namesilo,,,21/09/2026 10:31
e1a3cf29-8eef-4618-ac44-0d72520b716f,murrow.hospital,available,45.83,45.83,medium,low,6,porkbun,,,03/10/2026 00:35
3c38e5cb-74e7-4585-9b24-8e4f175bdfaf,foresight.hospital,available,45.74,45.74,high,low,9,spaceship,,,01/10/2026 02:12
309436a8-9114-43c1-abce-ec290805f1dc,virago.hospital,available,57.99,57.99,medium,low,6,namesilo,,,18/09/2026 16:19
a9871f83-a7c4-459e-9f54-75cb97432647,teammate.hospital,available,47.3,47.3,high,low,8,dynadot,,,30/09/2026 12:51
dc69c90e-2c6d-41d6-a16d-58895a92b255,retaliator.hospital,available,57.99,57.99,medium,low,10,namesilo,,,21/09/2026 08:57
93327033-e13d-47eb-9b4b-e76b6cdc9c55,beater.hospital,available,55.98,71.98,high,low,6,namecheap,,,22/09/2026 21:38
33508561-e8d7-4f48-8c48-8c1fb949ae15,barouche.hospital,available,57.99,57.99,medium,low,8,namesilo,,,22/09/2026 07:43
1e806f0b-4de3-445b-9856-020e98a176cf,rests.hospital,available,57.99,57.99,medium,low,5,namesilo,,,18/09/2026 07:14
a3e55abe-6c3d-46cb-b560-1484bfee4031,sharpen.hospital,available,45.74,45.74,high,low,7,spaceship,,,03/10/2026 02:36
3cf00c9b-c7c3-4981-ae1c-4ee999d4afdf,utc.hospital,available,45.74,45.74,medium,low,3,spaceship,,,28/09/2026 09:27
9c04681f-e13c-44af-a673-b2ac16dc63c0,vase.hospital,available,45.74,45.74,high,low,4,spaceship,,,28/09/2026 11:03
5b406a03-8acc-432d-bc85-ff0c8d36d7ab,papery.hospital,available,55.98,71.98,medium,low,6,namecheap,,,12/08/2026 02:43
88c6217b-f13f-4e5a-a0a0-c1cf25235b0d,correspond.hospital,available,45.74,45.74,high,low,10,spaceship,,,29/09/2026 19:02
84311c00-7432-4a0d-83ff-7f7a39a361dc,alsatian.hospital,available,55.98,71.98,medium,low,8,namecheap,,,
285e95ca-2e84-49c0-b046-2bdfb42b0e7a,coeliac.hospital,available,55.98,71.98,medium,low,7,namecheap,,,12/08/2026 15:21
1240cd95-82ec-46a5-b174-bedc6f952894,clancy.hospital,available,45.74,45.74,medium,low,6,spaceship,,,28/09/2026 21:20
1c216cf2-1eaa-4a08-80d9-9fbb15721ada,christine.hospital,available,45.74,45.74,high,low,9,spaceship,,,27/09/2026 19:02
58f1eda3-1280-4843-a911-09838c378c46,range.hospital,available,109.99,109.99,high,low,5,godaddy,,,28/09/2026 01:38
ca7e9d7e-b296-4033-aaeb-55996261ecc2,scalene.hospital,available,55.98,71.98,medium,low,7,namecheap,,,09/09/2026 22:25
eb13a344-6a59-4f15-87c6-19657b7826fe,captivated.hospital,available,55.98,71.98,medium,low,10,namecheap,,,09/08/2026 09:52
02666db3-84d1-489e-a5f9-f9eda5785ee3,gaon.hospital,available,45.74,45.74,high,low,4,spaceship,,,30/09/2026 19:42
8662b28d-147e-4e7d-8d18-8122a8d2488a,clams.hospital,available,57.99,57.99,high,low,5,namesilo,,,24/09/2026 06:47
771f000e-32bb-401e-a1bf-4caa91e5f722,commute.hospital,available,57.99,57.99,high,low,7,namesilo,,,30/09/2026 09:14
ef1e80b3-5e00-4a99-99d9-5f74b34414d6,cyanide.hospital,available,45.83,45.83,medium,low,7,porkbun,,,30/09/2026 09:19
41786a6d-f24a-4165-8a59-e92e74abb10f,und.hospital,available,57.99,57.99,high,low,3,namesilo,,,25/09/2026 11:22
b609a69d-513b-4a0f-bcbb-9e66c566ccff,direction.hospital,available,57.99,57.99,high,low,9,namesilo,,,29/09/2026 07:46
71907d42-6999-417c-9862-abfd3bdf729c,jukebox.hospital,available,57.99,57.99,high,low,7,namesilo,,,30/09/2026 10:20
41d11c87-7f57-42c6-8905-e3425f93149c,undetected.hospital,available,55.98,71.98,medium,low,10,namecheap,,,12/09/2026 07:57
773fa180-2856-4c1a-af4b-8742a3070352,adversary.hospital,available,57.99,57.99,medium,low,9,namesilo,,,17/09/2026 10:44
2b63e23a-3159-4e4b-94b0-d0e7f587005c,somme.hospital,available,57.99,57.99,medium,low,5,namesilo,,,22/09/2026 16:09
d1ad7b0b-ec8a-4794-a83f-d514aa2e0d68,asteroidea.hospital,available,57.99,57.99,medium,low,10,namesilo,,,20/09/2026 17:14
dba1cb01-1cd7-4a30-a2f2-e3ad7fa0a7a1,ethnic.hospital,available,77.99,83.99,high,low,6,name.com,,,24/09/2026 15:23
e7465a77-36df-4568-99a6-98ec9f329294,blacks.hospital,available,47.3,47.3,low,low,6,dynadot,,,28/09/2026 18:09
7c310ac4-bae9-4bc9-a69d-e90dadf66086,eclipse.hospital,available,57.99,57.99,high,medium,7,namesilo,,,25/09/2026 23:52
dc0280f0-0171-422b-9020-82d79abbb0f9,allie.hospital,available,55.98,71.98,high,low,5,namecheap,,,17/09/2026 22:42
085ae9cd-a740-4260-b159-9907ee39bd45,agency.hospital,available,57.99,57.99,high,medium,6,namesilo,,,17/09/2026 16:59
8f27d5c1-5ead-4c2b-b8c2-7fcae0129156,epos.hospital,available,55.98,71.98,high,low,4,namecheap,,,17/08/2026 10:28
c9a80dd6-dd45-4843-9260-6a6e13f17c69,fingerprint.hospital,available,47.3,47.3,high,low,11,dynadot,,,29/09/2026 08:29
36124092-35a4-4722-bdc9-bd6f94fc6fd4,dump.hospital,available,55.98,71.98,high,low,4,namecheap,,,25/09/2026 05:01
91bf9368-d21f-4097-ae60-c5271b64c637,conveyor.hospital,available,45.74,45.74,high,low,8,spaceship,,,02/10/2026 04:26
64e56fd3-61fc-474c-bf93-b5dfcdd782ac,shed.hospital,available,57.99,57.99,high,low,4,namesilo,,,23/09/2026 12:18
1b66bd3d-ece1-49d5-8d60-a1d949ab6086,fallout.hospital,available,45.74,45.74,medium,low,7,spaceship,,,02/10/2026 01:22
71f36cb8-2818-4971-a31a-580e4b156cd7,contraceptive.hospital,available,57.99,57.99,medium,low,13,namesilo,,,02/10/2026 17:37
5b00a3a2-4204-46ab-b157-17d43ad8798d,butt.hospital,available,55.98,71.98,medium,low,4,namecheap,,,09/08/2026 10:40
84299b67-c983-4dbc-a914-c90c06fc73ee,rae.hospital,available,57.99,57.99,medium,low,3,namesilo,,,27/09/2026 01:43
f1553a56-7520-4932-8c3a-439a1bd015cb,amusing.hospital,available,,,high,low,7,,,,
adaf751d-6a5c-4ada-b915-2bcace4724d0,aisles.hospital,available,45.74,45.74,medium,low,6,spaceship,,,02/10/2026 13:48
7dac597b-ff0a-48dd-b0af-aed852dd7950,charivari.hospital,available,57.99,57.99,medium,low,9,namesilo,,,23/09/2026 06:08
8080900e-8d0f-4d94-ac27-a1a044f44983,affaire.hospital,available,57.99,57.99,medium,low,7,namesilo,,,17/09/2026 14:00
cf37661d-46bf-4059-8d2e-e91112f501f8,beano.hospital,available,55.98,71.98,medium,low,5,namecheap,,,22/09/2026 20:40
42bef5a7-9ebe-4260-ae0c-dd7d72a4cdb7,surfboard.hospital,available,47.3,47.3,high,low,9,dynadot,,,30/09/2026 12:33
bae09bb2-58f2-4bdf-8286-392a516d9fc1,discord.hospital,available,45.83,45.83,high,medium,7,porkbun,,,29/09/2026 15:32
65a18c4b-ca66-4cce-abf9-1e244b8a2039,avidness.hospital,available,57.99,57.99,medium,low,8,namesilo,,,21/09/2026 09:29
3784c55c-42ac-43ce-9bed-b041b5c4afa7,walt.hospital,available,57.99,57.99,high,low,4,namesilo,,,25/09/2026 12:09
09cf62fd-0426-4646-953f-b2b3db127892,centered.hospital,available,55.98,71.98,high,low,8,namecheap,,,12/08/2026 00:03
8f76f60c-8cfb-4f39-8885-75517a78769c,cones.hospital,available,45.74,45.74,high,low,5,spaceship,,,30/09/2026 15:18
80a72b04-08cd-4943-865d-dbe7570961b4,mohave.hospital,available,57.99,57.99,high,low,6,namesilo,,,01/10/2026 03:01
b88cdee0-2f85-4430-a3bf-f75d6db73531,rouse.hospital,available,45.74,45.74,high,low,5,spaceship,,,03/10/2026 02:26
5639729a-cabd-47ce-ba4b-e6c3e2147559,dominic.hospital,available,57.99,57.99,high,low,7,namesilo,,,27/09/2026 03:45
dd59e3b2-abbd-4394-88db-9aa073bff838,routledge.hospital,available,45.74,45.74,high,low,9,spaceship,,,28/09/2026 16:54
a21242e9-a88b-4e1d-a0ad-2f0b9a0a223b,whir.hospital,available,55.98,71.98,medium,low,4,namecheap,,,13/09/2026 11:30
738dbd49-fcd9-47ab-bd3e-17cce107c073,occurrence.hospital,available,55.98,71.98,high,low,10,namecheap,,,25/09/2026 23:56
66370c6d-0694-4480-bd1d-8fd6a10dbcb0,mobiles.hospital,available,57.99,57.99,medium,low,7,namesilo,,,20/09/2026 08:45
e5760bbe-4e39-47e8-a12b-17038ba17452,ludlow.hospital,available,57.99,57.99,medium,low,6,namesilo,,,27/09/2026 23:11
70bd6ba7-8fa9-484e-b859-941850fa6f79,gag.hospital,available,44.2,44.2,high,low,3,cloudflare,,,29/09/2026 20:25
b802ba60-0417-4019-9a52-3f08a261fe3d,surprisingly.hospital,available,45.74,45.74,high,low,12,spaceship,,,01/10/2026 23:15
54314cde-1113-43ce-9ba1-c89e14cc76e9,sisterly.hospital,available,55.98,71.98,high,low,8,namecheap,,,10/09/2026 08:52
a729c17f-f9db-4ab2-8301-a34051a88993,individuals.hospital,available,57.99,57.99,low,low,11,namesilo,,,28/09/2026 12:49
bab7a2b5-f9e1-43e6-9175-e4a8ae08e51e,eustace.hospital,available,45.74,45.74,medium,low,7,spaceship,,,29/09/2026 15:27
2532b242-a7e2-4441-ac74-bb6bc7edccf5,never.hospital,available,45.74,45.74,high,low,5,spaceship,,,28/09/2026 16:23
661cf2bf-4a6d-4bd4-9f4e-a89ed357839c,prison.hospital,available,45.74,45.74,high,low,6,spaceship,,,30/09/2026 07:26
d3ace932-0937-421f-ad0a-b8f6fb8de7b1,clocked.hospital,available,57.99,57.99,high,low,7,namesilo,,,02/10/2026 07:26
d09a3a07-0f89-4f1c-98a6-57a6a268b6ea,acetylene.hospital,available,57.99,57.99,medium,low,9,namesilo,,,17/09/2026 00:22
59fa8e49-a40b-44cf-a736-94b1bc92c7d8,hugely.hospital,available,55.98,71.98,medium,low,6,namecheap,,,14/09/2026 15:49
7ab35c74-fbe8-49cc-bab5-b15cf59b0f2c,tanganyika.hospital,available,45.74,45.74,medium,low,10,spaceship,,,29/09/2026 07:27
f5d907fd-978a-45d1-8f26-ec8756604819,sampler.hospital,available,55.98,71.98,high,low,7,namecheap,,,02/10/2026 16:41
4029022a-0d2e-4603-ac8e-8cd7d707c157,unreal.hospital,available,77.99,83.99,high,low,6,name.com,,,22/09/2026 09:00
426d5842-3683-40dc-a3af-3ce48b6765ca,tenanted.hospital,available,55.98,71.98,medium,low,8,namecheap,,,11/09/2026 11:09
128b6c22-3be7-4c20-9af3-b4adcb3911a8,strains.hospital,available,44.2,44.2,medium,low,7,cloudflare,,,30/09/2026 07:15
125081e4-5d88-4d1c-ab81-142242ec685a,kin.hospital,available,55.98,71.98,high,low,3,namecheap,,,22/08/2026 16:00
ff3e334e-9377-46da-831c-761f1b61d3d1,cougar.hospital,available,57.99,57.99,high,low,6,namesilo,,,30/09/2026 09:16
9e7c462e-6059-45ce-ba81-3c1faa07c05d,detached.hospital,available,55.98,71.98,medium,low,8,namecheap,,,24/09/2026 07:07
fb614bc5-0536-4ee9-a9c2-eee896d0f28c,eonian.hospital,available,55.98,71.98,medium,low,6,namecheap,,,
e0eec324-0f8d-4d4a-b9b0-1f922405eec3,elected.hospital,available,55.98,71.98,high,low,7,namecheap,,,16/08/2026 02:35
ff83b3de-bdd8-4418-92fd-e3e16a75b47b,presence.hospital,available,57.99,57.99,high,low,8,namesilo,,,24/09/2026 16:52
1dbfe06b-f2cf-469e-8968-427f9b65fa8b,sensate.hospital,available,55.98,71.98,high,low,7,namecheap,,,10/09/2026 03:44
77e9ae41-f2a7-44d7-a37d-d159e2d6a832,luther.hospital,available,57.99,57.99,high,low,6,namesilo,,,25/09/2026 23:29
f3c42fb9-5fb2-4fec-8bef-a1c45c623b00,farah.hospital,available,45.74,45.74,high,low,5,spaceship,,,30/09/2026 05:37
b5941692-d2f8-46a9-a42a-f2fdeffc63e3,vlsi.hospital,available,57.99,57.99,low,low,4,namesilo,,,02/10/2026 22:48
752d6e0a-3cef-48e3-b2ab-413db68cb9c2,anagram.hospital,available,45.83,45.83,high,low,7,porkbun,,,28/09/2026 21:09
50d180f4-bf9b-4456-908b-71f915a516b6,prehensile.hospital,available,55.98,71.98,medium,low,10,namecheap,,,07/08/2026 22:14
3bab5780-dad9-4e37-ac2d-6c51abb0f967,epic.hospital,available,57.99,57.99,high,medium,4,namesilo,,,24/09/2026 14:28
edc4e38e-f346-4dbe-83fa-bdf97c1e6862,betraying.hospital,available,44.2,44.2,medium,low,9,cloudflare,,,02/10/2026 07:23
770a6aa1-e498-42a3-bef6-3828a52ea03a,andes.hospital,available,57.99,57.99,high,low,5,namesilo,,,19/09/2026 04:04
f27b9d29-905f-47e1-9d5a-a9640b4b6097,betrothal.hospital,available,57.99,57.99,medium,low,9,namesilo,,,23/09/2026 11:34
3079eeb4-e130-4acf-84c2-98657e6dd4c9,prissy.hospital,available,55.98,71.98,medium,low,6,namecheap,,,04/09/2026 21:22
59ea3c5c-d09b-48bf-8cfa-24571e742804,gauche.hospital,available,55.98,71.98,medium,low,6,namecheap,,,18/08/2026 20:41
098d8b49-140a-4926-8c6b-abc4c9bbb0cb,amia.hospital,available,55.98,71.98,high,low,4,namecheap,,,18/09/2026 21:14
a4d83047-1b0f-4ebc-a3c6-7bbd08a297b8,grapefruit.hospital,available,55.98,71.98,high,low,10,namecheap,,,24/09/2026 15:09
19a448fa-3381-4e2f-b1ef-4f28785c48ec,dutiful.hospital,available,55.98,71.98,high,low,7,namecheap,,,14/08/2026 21:39
7abdcd1b-8204-406c-a76c-f4da644a6900,broker.hospital,available,77.99,83.99,high,low,6,name.com,,,24/09/2026 10:40
377ccd03-1f46-4d67-b438-ffd141ce4e80,adjusting.hospital,available,57.99,57.99,high,low,9,namesilo,,,29/09/2026 14:33
873779d2-97da-4592-8401-1189f028027a,edmund.hospital,available,55.98,71.98,medium,low,6,namecheap,,,25/09/2026 19:09
5060ad1a-a92c-49ca-b40e-ba2c549e7315,anlage.hospital,available,57.99,57.99,medium,low,6,namesilo,,,19/09/2026 09:53
515376ad-955a-4fd3-aa95-844070157206,rashi.hospital,available,57.99,57.99,medium,low,5,namesilo,,,03/10/2026 04:11
3abf1103-e0cd-49a1-ad10-687be2d56944,slippers.hospital,available,45.74,45.74,medium,low,8,spaceship,,,30/09/2026 07:13
ffbe9269-6a1b-4aab-ac9b-2feb1a4589e4,affecting.hospital,available,55.98,71.98,high,low,9,namecheap,,,
57a1f4f0-8ddd-43e6-a61a-156324466227,wilsonian.hospital,available,55.98,71.98,medium,low,9,namecheap,,,13/09/2026 12:02
4a457b8b-7e18-4c19-ad25-4fb44646ddcb,doug.hospital,available,57.99,57.99,high,low,4,namesilo,,,25/09/2026 13:24
497f1800-34da-4f73-989c-352c7503d2a6,swoon.hospital,available,55.98,71.98,high,low,5,namecheap,,,17/08/2026 21:03
e16479c8-a59f-4bd6-b7e2-5b91769554a7,atonality.hospital,available,57.99,57.99,medium,low,9,namesilo,,,21/09/2026 00:25
560222dd-5de7-4aa7-87b9-430ae89d4f07,populate.hospital,available,55.98,71.98,high,low,8,namecheap,,,24/08/2026 07:48
231eaa13-802d-413a-86fc-284099a8a426,karlsruhe.hospital,available,45.74,45.74,medium,low,9,spaceship,,,28/09/2026 12:19
31fb5bb0-0364-48a3-a4f1-ac704d164665,coincident.hospital,available,55.98,71.98,medium,low,10,namecheap,,,12/08/2026 13:18
d9f3d130-7ff4-4290-a5b1-b5feef7778e0,thorns.hospital,available,44.2,44.2,medium,low,6,cloudflare,,,30/09/2026 23:36
c2fd254e-ec55-45cd-aabe-6d390b003a75,decorative.hospital,available,55.98,71.98,high,low,10,namecheap,,,13/08/2026 02:51